date,GMP指数(規約準拠),株債 60/40,株/金 50/50,株/債/金 1/3ずつ
1976-01-31,0.032933670805782515,0.061276065335105136,0.001111730111608894,0.007020796815135094
1976-02-29,0.014197486914936462,0.004822388771409267,0.012987659961314457,0.015154245299848044
1976-03-31,0.009586135494787162,0.010202095262574146,-0.002866528578691476,5.187544065596208e-05
1976-04-30,0.007591948051582379,-0.0012864547224146101,-0.007591646041165452,-0.003334341552545701
1976-05-31,-0.007954924288540503,-0.013721477789888656,-0.019024599723326627,-0.01597473481282379
1976-06-30,0.008559883712721561,0.01852136573041346,0.01227523624700256,0.007161520480055799
1976-07-31,0.00025022489681404345,-0.003640775487457959,-0.04595912082046206,-0.028375432283434816
1976-08-31,0.010612475830869484,0.006494944964342766,-0.03594431421788965,-0.016423105125721982
1976-09-30,0.019826206401648235,0.010531953675034157,0.05619878329519015,0.040273974110263636
1976-10-31,0.0011440595671590144,-0.018662416913380265,0.003951396752664187,0.0037800980550996705
1976-11-30,0.0193507791432816,0.011574194870828355,0.02752215199350956,0.029033892639271707
1976-12-31,0.03879179658222397,0.056633626324721076,0.05799367992256406,0.04616505398352155
1977-01-31,-0.006586850195484281,-0.018332608786136916,-0.02409296261342725,-0.0163506085985388
1977-02-28,0.005810697339901007,0.0011695221391188108,0.03740091414086561,0.026949083935002175
1977-03-31,0.009244813823403565,0.0045945494539890355,0.02634614562558076,0.022697911909659724
1977-04-30,0.011098882176910574,0.013724899109466504,-0.005063717242980654,0.0007581997041546783
1977-05-31,0.004627446020677012,0.0001527366272496191,-0.01670596876118348,-0.006169760553822319
1977-06-30,0.01877488029267706,0.028318139014844573,0.019174005078315088,0.015763405583566523
1977-07-31,0.0038230176676318913,-0.0019332242606288292,0.0012965600423921276,0.0035008775505336568
1977-08-31,0.010429553599965146,0.011466541189703815,0.009345661592450028,0.011610024720777696
1977-09-30,0.014151454837175939,0.014610809841607928,0.036136876592116715,0.027746127212391405
1977-10-31,0.0013295481266189775,-0.0030245269781276267,0.018039183065017513,0.015116128820999306
1977-11-30,0.009168639017931515,0.015457941950133728,0.004567215342772655,0.007366996733665129
1977-12-31,0.013238405566757082,0.020386024314552477,0.03079048635803463,0.025414706945121976
1978-01-31,-0.0028420361400483146,-0.01072753045920528,0.0163252216222241,0.014604157989631036
1978-02-28,0.006093663376978055,0.0023204975410559743,0.018903026792550265,0.015809643743934062
1978-03-31,0.014221667700334673,0.03104829042060622,0.020043950092043815,0.014517619161562263
1978-04-30,0.00512391269293961,0.02727733613627425,-0.006972148132780059,-0.006468580684960968
1978-05-31,0.0019050206855286203,0.0057175736142799655,0.051983905840983155,0.030626507818579445
1978-06-30,0.0035556248788990736,0.010209723860176835,0.002824593258015027,0.002629094904496949
1978-07-31,0.03202975046121451,0.05489740946601579,0.08174109914435142,0.06154491218496978
1978-08-31,0.026132853787813604,0.027356487313955943,0.035720978290163276,0.03226728407215709
1978-09-30,0.012268860182720942,0.01260994629012309,0.03321409182229819,0.024714393656618688
1978-10-31,0.005228144912662172,-0.005984860694190516,0.05391970537093546,0.041682264232939636
1978-11-30,-0.029221316178549495,-0.022531416655520484,-0.12627223552602426,-0.09226182548506803
1978-12-31,0.018792635439757746,0.022823472635097382,0.09661706414723809,0.06724640199406072
1979-01-31,0.014705915591302092,0.024420239225529862,0.0335116641574862,0.028221960893798102
1979-02-28,0.0016049465479263947,-0.01338871903100454,0.03042755208524279,0.017353132744322174
1979-03-31,0.015813104909865726,0.03728260644417439,-0.002674593637886951,0.0069739290212541515
1979-04-30,0.004355645298400304,0.0019303618622076774,0.00862690993001153,0.0067360429839292335
1979-05-31,0.007941980802037328,-0.006652706439601829,0.06306020725763084,0.04405092870358714
1979-06-30,0.018268290043995567,0.022582293815466295,0.013059778220733943,0.011849209571506357
1979-07-31,0.020073774329344856,0.01366961554855923,0.04151551011654648,0.03417194530360529
1979-08-31,0.016490389533152128,0.024108595761780437,0.0606254176144692,0.0408567728097045
1979-09-30,0.02649706781444161,0.01664203565800441,0.14967622183574691,0.10637630247634883
1979-10-31,-0.05665859290227779,-0.06202019591421626,-0.05423138140008733,-0.052565224777952405
1979-11-30,0.009115747460856303,0.023308178547606896,0.07394443212205871,0.05519343744982946
1979-12-31,0.04824989905733659,0.025943079774807393,0.1716108267614679,0.13202543433544678
1980-01-31,0.04340408598882955,0.03442685548639522,0.16978329802623593,0.10949919371592248
1980-02-29,-0.05047008948126038,-0.021618546400043726,-0.020675599556266525,-0.033610874102395556
1980-03-31,-0.08103491474781976,-0.07599620101662267,-0.16333755460258365,-0.12330425674630106
1980-04-30,0.06829517451328142,0.07243711179124859,0.04933847656223346,0.05952508558559775
1980-05-31,0.07062629820459228,0.059047900799037614,0.03748394817964753,0.04857215082453607
1980-06-30,0.06933017004216584,0.04149776886329061,0.14557129690231413,0.1064718833483682
1980-07-31,-0.004678930021099247,0.0183862114269633,-0.020226571837897583,-0.015104574402428357
1980-08-31,-0.010494346615009328,0.0021607966522682077,0.024196742101577073,0.006687472678333863
1980-09-30,0.00885943890652079,0.01930031461787677,0.04520379221743084,0.030264151259302288
1980-10-31,-0.00951957745120911,0.013639457623351038,-0.009725423004524711,-0.012961140115184261
1980-11-30,-0.003334342581278123,0.023165588948808054,0.01152537072115083,0.003357856008077583
1980-12-31,-0.014703070677636713,-0.011675358588497513,-0.034685407043656344,-0.0236328969896224
1981-01-31,-0.014517510163884428,-0.01761873947943314,-0.08279479369748874,-0.056634484830729435
1981-02-28,-0.02296327358043908,-0.016343587975856905,-0.01323135849183114,-0.025404202334661702
1981-03-31,0.028949342006754284,0.03200445236683001,0.04410318679235276,0.03570047833711363
1981-04-30,-0.019059179914531384,-0.00892532633672406,-0.02701975827559938,-0.028468229856880398
1981-05-31,-0.013864348078202818,-0.015566965575255273,-0.009975627861035598,-0.012617228425405688
1981-06-30,-0.001873287710129689,-0.004600864631956349,-0.0518764792434016,-0.04001104207675658
1981-07-31,-0.023872270520725426,-0.020779563045881237,-0.023812434358268013,-0.027030627566491654
1981-08-31,-0.009238232472155467,-0.019347145013014773,0.010405837745879293,-0.0012152957838980176
1981-09-30,-0.022905519248830098,-0.04101824581199873,-0.041392002640881394,-0.022526678893651703
1981-10-31,0.036772429513896226,0.04599279974741663,0.021095843069468326,0.03669456944678035
1981-11-30,0.07611832089378448,0.07995021010943956,0.02967413293483869,0.0491723045599799
1981-12-31,-0.00915320526590643,-0.01768078009608794,-0.026408657887235433,-0.022559016730505137
1982-01-31,-0.018706685881945743,-0.00888704592087522,-0.02118172223597095,-0.015032797522072368
1982-02-28,-0.010390257885366933,-0.030363465662566494,-0.06104215893016682,-0.036967349174143266
1982-03-31,0.010214680139159818,-0.008713046816211871,-0.07120929618013776,-0.04069336418253184
1982-04-30,0.03526032717566124,0.03689275375412797,0.07902747412851277,0.05727098562168888
1982-05-31,0.011944660507362034,0.0006070639933595367,-0.055329298507614505,-0.022425789953335516
1982-06-30,-0.030266111233682117,-0.04165615175583605,-0.040387383286997564,-0.039310733265133964
1982-07-31,0.026336888257534385,0.005836462397669321,0.03575088063010073,0.03351503829124628
1982-08-31,0.0761786697513096,0.06501645109193692,0.13365866683441913,0.10383817602203121
1982-09-30,0.04634282735398229,0.02925768969968325,-0.01591356296303139,0.011038133105515905
1982-10-31,0.07173858106604493,0.06355940612804198,0.06943052211224772,0.06433829598707846
1982-11-30,0.031621057956780066,0.03212750245356795,0.03459072757213913,0.023128245270552635
1982-12-31,0.03137939651012595,0.043775334669587676,0.04659121989330035,0.04399741894312254
1983-01-31,0.02210757351839306,0.01373280907238768,0.0734594125015752,0.04834146529789328
1983-02-28,-0.0019599249807763404,0.023146966363787127,-0.07484499787080662,-0.0444300762631335
1983-03-31,0.020432007995217757,0.02469979555424372,0.014140655964323231,0.010510773311927075
1983-04-30,0.03976529431710713,0.05552026306872326,0.05635676054939892,0.045596615352693604
1983-05-31,0.003085897684546228,-0.007082430186581035,0.007997195058089452,0.002136700976466616
1983-06-30,-0.0033850987562601895,0.01852748130406381,-0.003347784857135841,-0.0060695374511005665
1983-07-31,-0.01486240030175479,-0.018345700447221322,-0.0018719828659632173,-0.009996681055043644
1983-08-31,-0.007991274035389693,0.0012081908719714799,-0.0031763129825415773,-0.0061305952537433
1983-09-30,0.021457099380164383,0.026159232090554554,0.002385503081877514,0.01132031730194807
1983-10-31,0.0032760971934707264,-0.0028125041710405107,-0.027427457829895828,-0.015075581751382516
1983-11-30,0.01208155789215115,0.01942359186405223,0.03993629064133248,0.02855020958608468
1983-12-31,-0.004395726290780517,0.005662244745349176,-0.016892452976597166,-0.014589739045547832
1984-01-31,0.012235530798954699,0.00799113628889128,-0.0084932867432762,-0.0030915376775099007
1984-02-29,0.008795590850934114,-0.00539043061479853,0.02380370782482332,0.020039065864846592
1984-03-31,0.0027734485804261,0.028505798825844215,0.01202046997565826,0.008980596942565172
1984-04-30,-0.010826787042837956,-0.006760487292088425,-0.017944970139740526,-0.01538444276376221
1984-05-31,-0.04371559554246763,-0.06429249437331216,-0.03021967601428028,-0.03485056426736406
1984-06-30,0.00021809313647872496,0.007349004355216992,-0.008098421218401926,-0.0022943082868091356
1984-07-31,-0.0035779044705000615,-0.014293142306876082,-0.06394975413740883,-0.0358902421704185
1984-08-31,0.05116177784833596,0.06706049341039125,0.0588727134802127,0.04621615673615387
1984-09-30,0.01044957694803214,0.00039013469330984214,-0.007687701220079248,-0.0018932398222691706
1984-10-31,0.023812155454320007,0.021040971030784242,-0.0077819273490530895,0.007800147425309562
1984-11-30,0.02364253229093001,0.010201481416177572,-0.010462046248576292,0.004444886844192354
1984-12-31,0.006182237156641641,0.009418658920900488,-0.016632654786203557,-0.012375386238189528
1985-01-31,0.022178513949997057,0.03778814449834406,0.02137740403560675,0.01773001486296467
1985-02-28,-0.01488138991172399,-0.013225874017380526,-0.020974693290011084,-0.027117202587753776
1985-03-31,0.01403654633259084,0.02976553153279783,0.08271610010527171,0.06203509000937426
1985-04-30,0.031738710239259074,0.022476809857725592,-0.008163192177712135,0.013660719766481252
1985-05-31,0.046788169343770517,0.053256544234718345,0.009772715269419873,0.0241543511406658
1985-06-30,0.03499413741530984,0.019800825397904467,0.01538064081612969,0.01703896400584667
1985-07-31,0.0194752802100126,0.025396258796309613,0.029122023697793403,0.02935614608773217
1985-08-31,0.01661709704920373,0.01946088596553567,0.016594530885453995,0.022199036611383192
1985-09-30,0.0039304732637440425,0.006098849701659315,-0.008235033074188656,-0.00483860778812777
1985-10-31,0.03772278130972173,0.05277510547833413,0.028836675238444732,0.03558918076878245
1985-11-30,0.04159517094929242,0.04836666879640063,0.03418814857198214,0.03402262859807543
1985-12-31,0.04178128941728424,0.04569769130843898,0.026799053380483825,0.0318818584259468
1986-01-31,0.017623036537868425,0.01501678873255288,0.0496847148545561,0.03723682266200007
1986-02-28,0.06032630730472822,0.08239305561242288,0.02128985037737522,0.036790215875504066
1986-03-31,0.07417106712643193,0.08753955190951065,0.06169506442572949,0.06433452651213467
1986-04-30,0.028352781591092238,0.03009756518748155,0.014837883657311927,0.020262030531159485
1986-05-31,-0.012210512884705548,-0.007693502573091109,-0.002319738948252631,-0.00782548040842654
1986-06-30,0.022610262536052403,0.03597628645336638,0.02543564810818597,0.026006671368464847
1986-07-31,0.01906032800448716,0.013656490437287472,0.02113104225998748,0.020867428401358044
1986-08-31,0.04690561474609127,0.06913819781310294,0.0836274607609677,0.06876572361215624
1986-09-30,-0.01880654099148988,-0.03295490996435202,0.019889679387855907,0.005780137595155086
1986-10-31,-0.006306605957210614,-0.010894786950601552,-0.031389446979963626,-0.021623045320579223
1986-11-30,0.0189848736034912,0.02846416194811037,0.008401126357769616,0.007763909661835931
1986-12-31,0.014597525987338562,0.016413237847857115,0.011510865290771184,0.011528398632899546
1987-01-31,0.06180238325778683,0.09113308098788575,0.07898904998084855,0.0705917828582738
1987-02-28,0.016311858275005045,0.025420413642989803,0.014796808767013357,0.014767293202060853
1987-03-31,0.026388651033040892,0.041751355859049745,0.04732557993277617,0.035533426127112334
1987-04-30,0.005897416124494757,0.029865886718149395,0.06949152614114848,0.042536416996182935
1987-05-31,-0.011523727493420515,-0.0007949940826565265,-0.0033924226253167307,-0.0024946600351539627
1987-06-30,-0.0011638588843851856,-0.003301984707635026,-0.006779015592293908,-0.005544124374405554
1987-07-31,0.0009717463720646075,0.004704694358242074,0.026890356979371016,0.013530261665630258
1987-08-31,0.008631977384624992,0.029210640047346362,0.02115218353361007,0.008282964704627322
1987-09-30,-0.021650896739015647,-0.017928541605093693,-0.007518739148478899,-0.009354119040850506
1987-10-31,-0.05838304952834275,-0.10357360240607863,-0.08356318528190403,-0.04947328394982656
1987-11-30,0.02575668500799853,0.005104698773455738,0.015916963095430503,0.028238552632074046
1987-12-31,0.01987144711441854,0.0327928432574446,0.010959869258235989,0.014010923809482163
1988-01-31,0.022802500085116265,0.02496754650491264,-0.010415246291312252,0.002438366397617967
1988-02-29,0.03325183645516149,0.039348377438551706,-0.013865759045200036,-0.004457933451147717
1988-03-31,0.01587339100858262,0.01958447891554645,0.05287484094448689,0.035458961763348645
1988-04-30,-0.0030210552914687926,0.00793533558263663,-0.0009295760304861844,-0.0009464452019174677
1988-05-31,-0.014640411304359027,-0.018147334539556453,-0.006361842608111,-0.009697380598324885
1988-06-30,0.005040186926415802,0.0036854298381155505,-0.017030832420527834,-0.008347573689589818
1988-07-31,-0.0024192161146898237,0.0026595245592326393,0.007378755243389844,-0.004280857534570599
1988-08-31,-0.023025643461937945,-0.0366835413946161,-0.035634413902829544,-0.027338238398955154
1988-09-30,0.031244739332735427,0.038041992661685585,-0.007263101206218165,0.004435489962307495
1988-10-31,0.04955299106384174,0.05763930930238277,0.05718328585412316,0.05082328964503796
1988-11-30,0.01624078328361859,0.024858044264554204,0.03043882770658515,0.021784594088833306
1988-12-31,0.0019722783949882405,0.008162757939011077,-0.0041592531030551745,-0.0019107459659327324
1989-01-31,0.012516932465348069,0.02143488689411956,0.00030539206772059804,-0.0008911043988115343
1989-02-28,-0.003102193476210992,-0.006809158108244529,-0.012070161545278029,-0.011656133489869751
1989-03-31,-0.006479734907957412,-0.008137236736272178,-0.008455489187805358,-0.009639585989466019
1989-04-30,0.016053248433065104,0.018953122829033244,0.011234704219442823,0.011252153089410891
1989-05-31,-0.002714687170724618,-0.015832711801588125,-0.034218144658426285,-0.02419234751147676
1989-06-30,0.013312650820896325,-0.005468524628076627,0.003981875157719713,0.0035825705063862994
1989-07-31,0.06022032910159958,0.08671001200494076,0.0571573490312918,0.05339291213163317
1989-08-31,-0.010915170460127356,-0.018408947363492946,-0.025031835643189247,-0.019443644653735957
1989-09-30,0.00704287057244831,0.011329153188648387,0.02730056154875731,0.01254945790446133
1989-10-31,0.0023948441903052357,-0.009990166012299722,-0.009944683932748217,0.0029161585778737804
1989-11-30,0.019780514017906356,0.02504589756917413,0.059101381024387466,0.03938933977378502
1989-12-31,0.017374958679820484,0.02467806656294408,0.01027044472809822,0.01124292653647615
1990-01-31,-0.025963305159774602,-0.03911955000045056,-0.0029468746032105496,-0.0109814232415331
1990-02-28,-0.02402052581660979,-0.03149172557575887,-0.031458858422420806,-0.025578145878204377
1990-03-31,-0.03364072168508535,-0.04763288333144939,-0.07669901911884286,-0.06045421463211791
1990-04-30,-0.00897794332765122,-0.013840437787580345,-0.008430001451845926,-0.009417588335938112
1990-05-31,0.04979461126216667,0.07886227163806667,0.03819914211463395,0.04057645068439488
1990-06-30,0.009399021881004603,0.0020424285695810366,-0.01970491086220822,-0.006917146241049573
1990-07-31,0.02006048324133164,0.023282251866699848,0.03658679545734654,0.03309593846445591
1990-08-31,-0.04231681928165545,-0.06620789066332307,-0.029487702947271845,-0.023999852028766467
1990-09-30,-0.03459782578150999,-0.05755411359536271,-0.02762937294944538,-0.013399022076006295
1990-10-31,0.04534330206801474,0.07331539435225815,0.0010215702766285598,0.019747635315567957
1990-11-30,0.012057710526610407,0.0026660113010773742,-0.007008684868179446,0.01170713598556837
1990-12-31,0.020290380413890995,0.017043561162956557,0.016120274841740216,0.016856894119181044
1991-01-31,0.013396395807713204,0.02221648112462924,-0.012550728900255699,-0.004668418329646099
1991-02-28,0.052361345835356086,0.07380319306553339,0.04274407125216945,0.04054923602390998
1991-03-31,-0.017898021501295883,-0.023602014848570076,-0.018783545793499896,-0.02573278332913833
1991-04-30,0.006454119270235029,0.0037947354758573987,0.004944652071887665,0.0010114907670361784
1991-05-31,0.008825810257648945,0.009835198616287308,0.01894603408818977,0.012636292937148175
1991-06-30,-0.025076418939525322,-0.041603634536267836,-0.0234203302164592,-0.02223964285511079
1991-07-31,0.018467846639090547,0.027466907003991656,0.015705003593278633,0.014322094640465508
1991-08-31,0.01843849227222292,0.009274097169062136,-0.024470515083528585,-0.004524178599282669
1991-09-30,0.030076506502056954,0.0341267631675755,0.019363753984534902,0.028441330522144505
1991-10-31,0.017991718150942585,0.021400679213209154,0.020540694551472755,0.02094240064615494
1991-11-30,0.00026316929655570106,-0.01596194489578508,-0.012188737687796115,0.0010804362667035765
1991-12-31,0.043933531061849884,0.0605997704448183,0.020924349729901415,0.030430117968090725
1992-01-31,0.003032179627282794,-0.00356113641549396,-0.0027188794567062496,-0.0010001999840491332
1992-02-29,-0.007658902129467405,-0.009202835932774272,-0.0064069125530855035,-0.0070752753258843575
1992-03-31,-0.02490783158617996,-0.03941892630372153,-0.040577509141923505,-0.03565721166915993
1992-04-30,0.004497385325759314,0.002299580466465881,-0.007331222726895459,-0.0034365532404016155
1992-05-31,0.02596176538013736,0.03535899200120637,0.021154794211662505,0.024329616387287978
1992-06-30,0.0034524952238611673,-0.0097645439483066,-0.01048360333153984,0.003723893866029897
1992-07-31,0.023587945601656654,0.016602810519885776,0.020263617321577384,0.028188945713221662
1992-08-31,0.01983542431268872,0.022016486902844405,-0.015346292199894997,-0.0015234877173724362
1992-09-30,0.007571190944541483,0.002555736779183553,0.0070655550442852485,0.01185284826544968
1992-10-31,-0.015102740225050607,-0.01840565369387535,-0.02482478556244058,-0.02162602634948487
1992-11-30,-0.004783412151319813,0.0012806359957181577,0.0011393708085260957,-0.0065349895710854105
1992-12-31,0.013843604160892945,0.012770425940297512,0.0045884952046681485,0.008129747220296496
1993-01-31,0.01092467875374821,0.0076190418753049605,-0.0011141979573444497,0.003491402924524501
1993-02-28,0.026524062456924086,0.025715274487516707,0.008217478771462068,0.015797498732884187
1993-03-31,0.03566751781197338,0.049175074568791145,0.04565800826623772,0.03852171523918798
1993-04-30,0.025179141998113455,0.035822605165631516,0.04708048226194077,0.03844773987308302
1993-05-31,0.011451909199822672,0.019582405378421885,0.055359689658384933,0.03580452369392154
1993-06-30,0.006231800046340941,-0.0020544138222832672,-0.010840470680186393,-0.0006669855455462533
1993-07-31,0.017893398885090624,0.01908354374255296,0.04542185915007394,0.033257956609110996
1993-08-31,0.03917321166727495,0.04841267022336938,-0.016461675639310617,0.0032957827340419146
1993-09-30,0.013214825610182496,0.004681761627904234,-0.028255946790832907,-0.009366226014293735
1993-10-31,0.009402253229075444,0.014227630488731267,0.03314022601251709,0.022717141254934577
1993-11-30,-0.029949629748833178,-0.0363984634682582,-0.02336066526737209,-0.021699160624375876
1993-12-31,0.023550172773484212,0.03991111264303241,0.05523728325394604,0.04132898071113468
1994-01-31,0.02331618877059126,0.039879560998645217,0.01731001983873035,0.011527980724691257
1994-02-28,-0.011855875101671989,-0.012216260419102273,-0.0018447578870097376,-0.006620523654067236
1994-03-31,-0.03320779991198699,-0.03642619943595493,-0.010676531471045211,-0.0160336058586028
1994-04-30,-0.0038438389648010143,0.013288820400315062,-0.005316094493102292,-0.0042662498667144725
1994-05-31,0.0013892240780039226,0.003532427589028538,0.01417852837227064,0.010942408515201386
1994-06-30,-0.0017715226004258134,-0.004137619682726681,-0.000761095744662318,-0.004321522438727394
1994-07-31,0.013927673505850481,0.023463585359513525,0.008053812184536224,0.015289344309824806
1994-08-31,0.012566668181076308,0.0176291037625895,0.020692145613672087,0.010778994803719346
1994-09-30,-0.012976829326676478,-0.014152014820092344,0.000899313866087827,-0.0009597832849951695
1994-10-31,0.00485666287540468,0.015013354136382493,0.00022450741745129107,0.0025807755791908563
1994-11-30,-0.01908922300703285,-0.02993906810656725,-0.02990593481130448,-0.020465618981134512
1994-12-31,0.0076328419594110415,0.0006246556995278552,-0.00013762424127722436,-0.0005151909390774712
1995-01-31,-0.0018454813780011579,-0.0112792477808533,-0.0233378104575162,-0.010312913455721934
1995-02-28,0.02352635832731398,0.019490298037630926,0.0045848915485559305,0.014519750877232016
1995-03-31,0.03937889619993751,0.04796011488538842,0.03542748242231063,0.042709434632181395
1995-04-30,0.03352127185300619,0.04094673001218809,0.019035114443055917,0.0319548724681334
1995-05-31,0.027956111681577085,0.01954255024032168,-0.0017099700189729186,0.010768866044361319
1995-06-30,0.020863975926762302,0.011530564608886889,0.0064987798688023145,0.011824347896437219
1995-07-31,0.009100405899664729,0.02301476928703043,0.018365590789258042,0.008892421006592481
1995-08-31,-0.01537925290698852,-0.01796675280180752,-0.009522366979855042,-0.014558470704843004
1995-09-30,0.015100539032415549,0.010177381027118668,0.01234070269411951,0.007365580599534535
1995-10-31,0.008289326981780582,-0.0022460874876603096,-0.010722356775774516,-0.00011075242868226459
1995-11-30,0.018043880218379025,0.021873623110536707,0.02077301234349608,0.018778950120665657
1995-12-31,0.020808483364177496,0.0218252566129084,0.012894026175614198,0.013508504078338358
1996-01-31,0.008814509154267822,0.01122876953537158,0.03279436772692005,0.01976021976408974
1996-02-29,-0.008224232610312883,-0.004742662984472954,-0.000304519236993768,-0.007429971739237363
1996-03-31,-0.008949991247542905,0.005264666479568454,0.0031229802385157506,-0.0013621849715573196
1996-04-30,0.0041634107093696925,0.015175960048389335,0.007414667055574991,0.00174721952862521
1996-05-31,-0.00157066765742879,0.0006020990941407126,0.002262171634594479,0.00024271402407190885
1996-06-30,0.0006844198824127623,0.0026766202498155526,-0.01136977727526752,-0.005632385579162978
1996-07-31,-0.008546200072275073,-0.023109251547706405,-0.016927815387499608,-0.008519408334140537
1996-08-31,0.017240562096273667,0.014387422733133762,0.010053349245870544,0.010942029203006473
1996-09-30,0.01199774250897192,0.02582970986413857,0.007495441578318029,0.009049712861662097
1996-10-31,0.017125839060152588,0.007589193956781999,-0.0012672173304188372,0.00693271135965887
1996-11-30,0.03537704769660807,0.039255322876117146,0.014450559138871147,0.019483108307835423
1996-12-31,-0.009589785502171384,-0.01233775543107568,-0.008922229801631565,-0.010710781386616307
1997-01-31,-0.0063893661092854805,0.0005048559932384804,-0.02743107360303075,-0.02365166907432177
1997-02-28,0.007701241042473397,0.0023640571473851997,0.02762023752289538,0.01446573758782806
1997-03-31,-0.019686887918836354,-0.020874332775993265,-0.026998553925710385,-0.023694833260411115
1997-04-30,0.003623335222538564,0.012398150919233923,-0.002707374404231272,-0.0012635644517513126
1997-05-31,0.03866598074450336,0.05148126993529793,0.04450359005130687,0.03668792360489652
1997-06-30,0.029588347740125177,0.03593036545450498,0.00818778109405326,0.012687851296070444
1997-07-31,0.029900282705948567,0.03165063732410215,0.010746655103670599,0.013818288013687705
1997-08-31,-0.028821548316325094,-0.04440917333110187,-0.0337511253210506,-0.029710831754890244
1997-09-30,0.029349458793055668,0.03950477727907441,0.03281455033322437,0.028841162052304706
1997-10-31,-0.011051289747175253,-0.029121318065186634,-0.05930775135269509,-0.03059188816996545
1997-11-30,0.006083497106078699,0.0013330026365221239,-0.018390067051548435,-0.011187059532034135
1997-12-31,0.005653500739509836,0.0029138192648507817,-0.006769827300945579,-0.005746071650773185
1998-01-31,0.015721334206417206,0.01355086536075552,0.02927423236514525,0.023318542710726437
1998-02-28,0.02880336483395735,0.04775780387134534,0.026962479912425917,0.02150856244559081
1998-03-31,0.01598785644089543,0.026225331286281014,0.02700440143119328,0.018640556126639417
1998-04-30,0.006918754035282537,0.00765646799120032,0.02300912960425961,0.016246568763868582
1998-05-31,-0.005688851339860915,-0.010634572677068604,-0.03967260462799188,-0.024659932663391802
1998-06-30,0.009023695948129011,0.003418595575078944,0.00782923943256083,0.0057831879625921566
1998-07-31,-0.002129471031016998,-0.00433083147554378,-0.01295087115724691,-0.009677548493145486
1998-08-31,-0.05089081208960034,-0.08335768018905432,-0.10389990104214383,-0.06308704894504273
1998-09-30,0.03607134048159227,0.04613713364039685,0.04728330231342298,0.05996227144312255
1998-10-31,0.04251672966426953,0.06615176197884465,0.03938453003815892,0.04078612149148971
1998-11-30,0.014216283570887413,0.02649348956820547,0.0321889642703994,0.016546263234380673
1998-12-31,0.024836950494815768,0.029689090401918496,0.0078090507174152935,0.010006833126714939
1999-01-31,0.006871452576751067,0.011327978073799101,0.005589020699252,0.0044459955276673
1999-02-28,-0.024596532793702632,-0.03321636281914998,-0.011330920961614916,-0.02209718907916787
1999-03-31,0.010219970042864152,0.0234719838377941,0.0100530949156908,0.003682239027000272
1999-04-30,0.024852097807829324,0.035063483381598946,0.03774100044792152,0.027519021553140607
1999-05-31,-0.020681845523835295,-0.019762881576728182,-0.03716895899785256,-0.02950717329530439
1999-06-30,0.00887493099557162,0.02629994198413787,0.012641473308732155,0.0009059210740665468
1999-07-31,0.0012378554307971976,-0.003713067751985066,-0.008237457876197656,-0.00830775703151526
1999-08-31,0.0011546609393633712,0.008657158248331947,-0.0002480221281077888,0.003927914945601015
1999-09-30,0.005641778246658506,0.003336108828561682,0.08211750136407867,0.06209185204412254
1999-10-31,0.01674133539421314,0.03081403579366887,0.01606748892751711,0.012125362246791371
1999-11-30,0.026400110770773737,0.028225533691994556,0.012906775959567332,0.008349388761589735
1999-12-31,0.03231595009501162,0.050906698836517425,0.042466030594021785,0.027646450329113968
2000-01-31,-0.027071217478353546,-0.03321567223265888,-0.03540397369778235,-0.029287375992403972
2000-02-29,0.014930221410632218,0.013211216918805467,0.033058411949817755,0.019406838483799413
2000-03-31,0.026558483337012665,0.03735354124444583,-0.008152514493024572,0.0021058524647398005
2000-04-30,-0.023460962042250434,-0.03616252843683767,-0.03059689901612877,-0.020801736936711206
2000-05-31,-0.02779735907415549,-0.026513053811155964,-0.020408978194989234,-0.02194602956752146
2000-06-30,0.03835074639066183,0.036825559078494566,0.04867181924382896,0.04536653237485334
2000-07-31,-0.00990210198102695,-0.021075461575794943,-0.0357429357906668,-0.026022306802921186
2000-08-31,0.023952265711517064,0.02576915180919583,0.016707181314494158,0.01166938685763578
2000-09-30,-0.024283390074059445,-0.036397776588412124,-0.0279452953772601,-0.023083843725009757
2000-10-31,-0.010796442666469602,-0.020798967662527642,-0.03643421582126399,-0.023956755549681245
2000-11-30,-0.020098640997645086,-0.03545695091218283,-0.029282080862987666,-0.014314716383441964
2000-12-31,0.027757279811178412,0.026277815684648147,0.019715795660456094,0.02581055951353209
2001-01-31,0.021429292306664464,0.024182495360999638,0.0050216486337796,0.0066498452233527666
2001-02-28,-0.028885489538137382,-0.046249018614220386,-0.0443749933850882,-0.026630454847292314
2001-03-31,-0.025616617650863194,-0.04525779581406309,-0.048075397181474876,-0.03302666128567734
2001-04-30,0.017184812636546296,0.030202290312148203,0.04556070615121191,0.018635395207925932
2001-05-31,-0.0027322228418028907,-0.005465561868669461,0.0021806692213339014,-0.00021872456699624033
2001-06-30,-0.003725110475081859,-0.01500000008843869,-0.004598577338537595,-0.003634393336849913
2001-07-31,-0.005234811381321843,-0.012013981322786898,-0.021514754506777374,-0.01098522020382034
2001-08-31,0.00016330224607613152,-0.006596659632344404,0.0007589371573466022,0.013276368377612856
2001-09-30,-0.033276093309646475,-0.046902031731431884,-0.01638780000258773,-0.0026768975213158318
2001-10-31,0.020444910306670557,0.0208194988744243,-0.00697861258649944,-0.0007738852772359375
2001-11-30,0.021725778851184895,0.024969606711317524,0.014031284072235476,0.003097244868077751
2001-12-31,-0.00025164640579290005,-0.0023498660256816486,0.010640133829202425,-0.001851438021108637
2002-01-31,-0.0022136379012061636,-0.0196062078709121,-0.0026034086799276504,-0.006429112345711902
2002-02-28,0.002107701369430958,-0.002215402932470128,0.02532770824891565,0.017094529833358997
2002-03-31,0.006942096939188396,0.024231456715369942,0.035053289271167215,0.019264245492658004
2002-04-30,0.0014747418394260598,-0.005155049462641272,0.0008680231947070585,0.006672088409042974
2002-05-31,0.008575513507268769,0.01149050241941872,0.031629379208405924,0.02964970722061466
2002-06-30,-0.005389489154835908,-0.01805626212780643,-0.03889748566758126,-0.014825137794095456
2002-07-31,-0.013463011485231489,-0.027895156138146113,-0.06083346086307917,-0.024924793401320332
2002-08-31,0.01996487371242376,0.009841738270157708,0.014451925543940295,0.015228268825792706
2002-09-30,-0.016743048212674402,-0.042268753248912785,-0.026698004160778322,-0.00695676755205289
2002-10-31,0.009941231668080303,0.02244211827424526,0.013177790944924477,0.002116452902825052
2002-11-30,0.020706437658841396,0.031431005106958496,0.025952912514393568,0.019133109989903044
2002-12-31,0.006522444303819186,-0.008933750332291558,0.026565406214234286,0.02654418267381803
2003-01-31,-0.0012668162654816502,-0.0038817983600696396,0.0284775820568928,0.027535222737870506
2003-02-28,0.0078918945377091,-0.001742405097981948,-0.04105070002415852,-0.01993862671790322
2003-03-31,0.00025925550257788736,-0.0029318255690427945,-0.02084550862887154,-0.013424941803879827
2003-04-30,0.03222181918997669,0.049769386741148995,0.04465931631966618,0.027873388196745345
2003-05-31,0.05379067908789496,0.06551719315172154,0.07764146600439091,0.07264724935989156
2003-06-30,0.012255984682960852,0.01878568881382677,-0.014766382722838941,-0.006766176643479161
2003-07-31,-0.027471677109747582,-0.00925858652492259,0.028013304341268967,-0.0029924267643939347
2003-08-31,0.00501214519893756,0.012554392115427205,0.03700023893369277,0.01878515731623596
2003-09-30,0.02681916113213885,0.020812547380641644,0.024764051099427947,0.027079450036703895
2003-10-31,0.02153636581864198,0.04414968431204838,0.03185275889320883,0.02668644444690166
2003-11-30,0.008406919841342135,0.01181345467041858,0.02539527644212216,0.018334756910264306
2003-12-31,0.034859160098438105,0.048271829215672246,0.053835604246088374,0.04625459988417517
2004-01-31,0.019345667082917777,0.0255937082111682,-0.00667824146195325,0.004440929201338
2004-02-29,0.015993970729786533,0.01845609230121337,0.000663781386535351,0.004688289668851574
2004-03-31,0.005936285111838368,-0.0012693090053231247,0.0382417300509328,0.022863837006652874
2004-04-30,-0.03364887760213421,-0.03037830987022202,-0.055293891787556476,-0.04860182832029701
2004-05-31,-0.007167680539208664,-0.004559177886706137,0.01047152100610583,0.0006140012899371605
2004-06-30,0.010034982999611324,0.016764421578385084,0.011708476884543264,0.010280287462221005
2004-07-31,-0.002519225818284534,-0.015525929952581848,-0.02344119793658789,-0.010507241983402832
2004-08-31,0.018782808315156368,0.013540268624582177,0.027132050336996928,0.02518381675059545
2004-09-30,0.014713876125604063,0.019628304450332958,0.018523940025615877,0.015519298810931703
2004-10-31,0.017817654591007825,0.024017561165431387,0.03016611673215301,0.026601039512709028
2004-11-30,0.022817674204872122,0.044122380685569534,0.05940870478509143,0.047015448566692125
2004-12-31,0.02463252511223814,0.03608128120830793,0.006032340705818677,0.013167011078568859
2005-01-31,-0.001268025007783641,-0.008171319499259179,-0.02376004566210035,-0.015099463357449603
2005-02-28,0.009863479035234612,0.016470902499230604,0.03355296653757972,0.01751426289490313
2005-03-31,-0.014395218614806369,-0.013721671088739347,-0.021449019848843374,-0.014613726466212148
2005-04-30,-0.0008271870688338742,-0.010580755982376504,-0.005592982444525995,-0.0004250245025999239
2005-05-31,0.011334718790545435,0.014660850178702365,-0.009824148128656323,-0.003416628699493071
2005-06-30,0.010428094361014606,0.008019702605151245,0.031963154080385865,0.01934521243584125
2005-07-31,0.004255220222467064,0.013742327079181485,0.009496539623450973,-0.002661120453680492
2005-08-31,0.013030176460745349,0.016062081160968335,0.013371114695009836,0.01581654257255512
2005-09-30,0.006681157601564166,0.016078605857464616,0.060502790935444056,0.03869245737980993
2005-10-31,-0.02281044850263325,-0.02725861438502908,-0.014637696746569697,-0.018449179320621557
2005-11-30,0.012221545371018234,0.018200266259048914,0.04075861128662271,0.024243562576072138
2005-12-31,0.018687176758390815,0.024959891331747246,0.0356537633689436,0.028607083338062063
2006-01-31,0.024859389522470562,0.03735918400505926,0.0824156237816763,0.05902140252533364
2006-02-28,-0.0025934960443747424,-0.005736226550651273,-0.012258373374735376,-0.01274653252647127
2006-03-31,0.002597580210415965,0.01068480799748087,0.03803208949431591,0.021456088175350472
2006-04-30,0.011027533410297557,0.0193681225504496,0.06549156911998226,0.042578976845739525
2006-05-31,-0.011388752198913643,-0.015560656150152716,-0.0074397515901633345,0.004045302721537303
2006-06-30,-0.004093633567284023,-0.005344216926650366,-0.04576697735882852,-0.03488135403303362
2006-07-31,0.007326524426584203,0.0032882621815214508,0.03310214050247185,0.02425146541527083
2006-08-31,0.023524618192675706,0.026826992320270297,-0.00039411664972899274,0.007805641066284921
2006-09-30,0.009303332005564045,0.00881609192851826,-0.012021980233960474,-0.006270107832905093
2006-10-31,0.016504590345684363,0.021423053700976663,0.017926758246949403,0.010525000080322582
2006-11-30,0.024171542570088918,0.02805952889759375,0.0473248634811662,0.03936713022744644
2006-12-31,0.008671019409258022,0.016372014900741434,0.010012059679565458,0.007566267200274072
2007-01-31,-0.0003809641165845755,-0.0020158752888745617,0.013704672015101449,0.0016565519360054988
2007-02-28,0.008867858926284118,0.004994198258136353,0.023598257645891928,0.020724427075975868
2007-03-31,0.012190988313627301,0.019860980199724376,0.0014652260850573934,0.005354910048988406
2007-04-30,0.019956514580739687,0.02637405652452339,0.032071622878616105,0.022159112876213676
2007-05-31,0.006280926402450523,0.014317253221803319,0.0002332223892529961,-0.004177551652564986
2007-06-30,-0.007294359330772395,-0.006182785737358832,-0.005332290625924569,-0.009510788016391457
2007-07-31,-0.0006536420176939079,0.0024748494789808744,0.0073093604412533715,0.013448635980702991
2007-08-31,0.010227653555835313,0.005608749260405658,-0.003924377904711303,0.006996236403786237
2007-09-30,0.028127947682887844,0.036618899293498576,0.07767815971240602,0.056445210828302124
2007-10-31,0.025281311308717032,0.03203258671515561,0.05141625181580338,0.040578707574089525
2007-11-30,-0.004489171863487285,-0.00945988902129221,-0.014791641854080958,0.005354253968861026
2007-12-31,-0.007417870040280322,-0.010777350374641287,0.022668737561628922,0.011680719447214417
2008-01-31,-0.016079627759740454,-0.034264973967264994,0.011681823072325098,0.0197037370754959
2008-02-29,0.0040266923581198915,0.009124694588312963,0.030268769551349065,0.023715839545795907
2008-03-31,0.002435981244817765,0.011553677810802061,-0.024632333567865927,-0.0009931666147753732
2008-04-30,0.0262060736449536,0.03266311437479191,-0.00508900297961222,-0.012451133450944377
2008-05-31,-0.006711170182454793,-0.004905098175595365,0.011152308571315772,-0.0008718574966988359
2008-06-30,-0.03581308973826063,-0.05023736068037344,-0.0076957438450149275,-0.007732622756810047
2008-07-31,-0.00909458494110045,-0.013251991584120333,-0.026445870602261938,-0.01379178039361677
2008-08-31,-0.007494637519800318,-0.01242418899229439,-0.05316854048575337,-0.037189479681611126
2008-09-30,-0.07203581933968625,-0.0707911246235151,-0.018421474442986148,-0.013825007549288868
2008-10-31,-0.08645665861589791,-0.10422769061336112,-0.18627357545378265,-0.1248547463063535
2008-11-30,-0.0010757456601399405,-0.0216458272055483,0.03146024411430456,0.03453304336769536
2008-12-31,0.08003050172984266,0.06780036116874558,0.06011222555730176,0.06755785138274129
2009-01-31,-0.04056534341735978,-0.07917160491420308,-0.025984443045094403,-0.026390000922141606
2009-02-28,-0.04507492510616205,-0.06581419546209438,-0.029192196743014535,-0.027146108842740456
2009-03-31,0.027838705421545776,0.05484136326394297,0.02354586480092393,0.01826089655337919
2009-04-30,0.03806599226653361,0.06850772670266098,0.040066139093769534,0.02262918510278043
2009-05-31,0.03716409063717658,0.06611249684612333,0.09898667697431698,0.06912659701347447
2009-06-30,0.006885920796425135,-0.004968155362006104,-0.023666946337137146,-0.012775247218954268
2009-07-31,0.04374078809260917,0.06383937227273571,0.04436773469971614,0.034718619000521145
2009-08-31,0.01639583267967091,0.024894427075290198,0.02273721095873693,0.02078361238242727
2009-09-30,0.029205195980808275,0.03970363028080968,0.05076985360446136,0.04253703227232423
2009-10-31,-0.005907971162849804,-0.016150005671673726,0.006517410092272429,0.0058227397321683715
2009-11-30,0.03020683397187497,0.04137863746825538,0.08766844498605003,0.06730291511497465
2009-12-31,-0.009402837217362563,0.0019696706365865957,-0.020445017547533417,-0.022998354445238338
2010-01-31,-0.013660435097966155,-0.0328060174373186,-0.03610793750013355,-0.024926462900619537
2010-02-28,0.007257506478219506,0.009548915082848417,0.024649701323541842,0.013588950204378454
2010-03-31,0.019576269922843535,0.03305178414181441,0.02962913685409674,0.01596727068080019
2010-04-30,0.007052826524728382,-0.0009931603162155367,0.02812024536843646,0.019331927714058433
2010-05-31,-0.03054612891976241,-0.054763848221531596,-0.029239509586014345,-0.017828813644036094
2010-06-30,0.0049510180654181515,-0.01295479836311668,-0.004481172468112747,0.003217868606357992
2010-07-31,0.040964528542057954,0.06640615498968315,0.00894650604048873,0.016043144968150267
2010-08-31,0.00593431361616854,-0.008237859890929837,0.008502700127916471,0.019413584990518054
2010-09-30,0.03463134621312665,0.06039021600649595,0.07893185608880797,0.055611623378027705
2010-10-31,0.02004068166449606,0.03246541348561961,0.027936806413072363,0.027078693939995485
2010-11-30,-0.018214616533080066,-0.02373064548805115,0.004939215156312448,-0.0053704524720212775
2010-12-31,0.013380983828130435,0.03006086631277025,0.04950662971412761,0.02102113109310382
2011-01-31,0.0021518055434214434,0.0062355062366562,-0.02187078798110375,-0.014724969467360934
2011-02-28,0.01599601414029128,0.020614953529885273,0.04369139612245111,0.030524660026003583
2011-03-31,0.000575878153594516,-0.000192899398918118,0.002985816803265106,0.006256954525599444
2011-04-30,0.02897824156039738,0.03359890416525125,0.05893323614967447,0.0431529053606262
2011-05-31,0.0036520538054644128,-0.0022051051302399965,-0.007790933253058024,0.0028081221182767084
2011-06-30,-0.006987756926917258,-0.009006567929866371,-0.018247389713477592,-0.010934037786785082
2011-07-31,0.006369843779783791,-0.006468117289118429,0.024241996382519053,0.02204367420392826
2011-08-31,-0.005012772239249288,-0.022471983605472534,0.03489268260223236,0.03993500724827946
2011-09-30,-0.03527722679882201,-0.05466257294294421,-0.10641405192445573,-0.06814189142029228
2011-10-31,0.038278735407213334,0.05177085638467835,0.07940598027793216,0.044548913420342194
2011-11-30,-0.01268178963000237,-0.008853599682090537,-0.009601485161916161,-0.008215018996016059
2011-12-31,0.005646459279019236,-0.0030798000602206646,-0.04706643455023895,-0.029238120155362493
2012-01-31,0.027377816594488395,0.034769753259874824,0.0793103377268885,0.0544592599805645
2012-02-29,0.022110778450180845,0.03197907211612255,0.038879410862803665,0.027944389530996035
2012-03-31,-0.007422747115049978,-0.0002774427657008631,-0.03054028625872003,-0.02697775556614723
2012-04-30,0.004840635718884901,-0.0006714964161463393,-0.005378857787297729,0.001808443642887971
2012-05-31,-0.025250443504417495,-0.049867489046573496,-0.07538799731170723,-0.04479793613154602
2012-06-30,0.01797244184194266,0.028308564953709092,0.026101384989036785,0.015704505982890596
2012-07-31,0.015801178418168284,0.008221244380268562,0.02070401404135965,0.016556391609301196
2012-08-31,0.010772380230342514,0.018350843402264918,0.024737601973431247,0.01780295058287
2012-09-30,0.01788487917227041,0.02193307445227005,0.05026082983902565,0.03839687500668176
2012-10-31,-0.00013230211423647363,-0.003827763483838887,-0.020314867639205255,-0.014404478277595964
2012-11-30,0.0032633268324844446,0.009140952907953602,0.011006261870568686,0.006913001984163808
2012-12-31,0.005995171653810529,0.015839552351743127,-0.003520382303766686,-0.00419159889195468
2013-01-31,0.0021433450733437573,0.012484909191478658,0.021977812707301852,0.006233201500721368
2013-02-28,-0.0014820779808605781,-0.0038688783148883125,-0.02505930196315175,-0.01969501512130265
2013-03-31,0.005101635742465061,0.009454034815296938,0.01296603895576641,0.0071927874261323455
2013-04-30,0.015911885381804925,0.020923481117631756,-0.023791403160782668,-0.013317811836841569
2013-05-31,-0.022474513293204875,-0.01528407465109412,-0.021171751855835988,-0.025569594959408234
2013-06-30,-0.025623065269703243,-0.01951171471185506,-0.07908009923106316,-0.05592433460061748
2013-07-31,0.01822171388484225,0.023365690362574167,0.0705455185883481,0.041242442280764055
2013-08-31,-0.010402940079580996,-0.013776924923723871,0.006064444401001576,0.004996561510003394
2013-09-30,0.023922557944011522,0.036353561814512526,0.013253458351483574,0.009887376928598783
2013-10-31,0.02544313503600088,0.033544535268762256,0.022524696359487423,0.02252226051370629
2013-11-30,-0.000700423215119605,0.005502676386064088,-0.017586719582894275,-0.016221929197802822
2013-12-31,0.002204410610103174,0.007464497404094417,-0.00076160850565298,-0.006376914614458061
2014-01-31,-0.007007192637373817,-0.021559347571265076,-0.004442343049907649,0.0022412498008813012
2014-02-28,0.027914408600903832,0.03585388995593049,0.05889114098000965,0.0434055299448491
2014-03-31,0.0021737364668725505,0.0049506482079630775,-0.01060671333337384,-0.00586803826542455
2014-04-30,0.010123560838182789,0.009870676452354996,0.00494283768181488,0.005605284485171277
2014-05-31,0.016335758985474968,0.018178459260321647,-0.005317970997699085,0.001555643765544002
2014-06-30,0.008197903772761547,0.010647230990466643,0.032630999197019575,0.021493218002301022
2014-07-31,-0.006158540509205135,-0.00665518968839996,-0.014067734073487888,-0.007771628325500061
2014-08-31,0.01672711264590295,0.01799491388593428,0.009056054311104358,0.008210038821555283
2014-09-30,-0.025305884112923456,-0.030134038907841294,-0.04602513598438663,-0.03922408758763439
2014-10-31,0.009375593128633284,0.009265502535915137,-0.008853608422983009,-0.004146651404460044
2014-11-30,0.00411931803003615,0.003030151562320887,0.011747015364972076,0.003283712229124239
2014-12-31,-0.00980141039768006,-0.014413455576965687,-0.006243898169997841,-0.004236553245217243
2015-01-31,0.008083454249212692,-0.0030106205884752792,0.020206287523716098,0.017543295903095203
2015-02-28,0.013355534196615023,0.025036400636955426,0.002734119032285813,-0.0044412633693780915
2015-03-31,-0.009583678536988906,-0.014878599896911985,-0.017930467473729596,-0.017070280471113634
2015-04-30,0.011407671391550227,0.018774810815955438,0.025028628052134357,0.017889905190189393
2015-05-31,-0.004935412034588037,-0.0036304306563768977,-0.005627597867610396,-0.006873374822106275
2015-06-30,-0.021478922296347763,-0.02469067947799368,-0.01955705526708756,-0.02063607827791122
2015-07-31,0.004696498885238265,0.00686149834355171,-0.03521003600323343,-0.02242315824845171
2015-08-31,-0.02726015388903933,-0.03857964948783027,-0.016860977239790534,-0.008166277597001085
2015-09-30,-0.008898091144552187,-0.015425450323598912,-0.0187481127355434,-0.008057677354046987
2015-10-31,0.033428141759557294,0.04660225573528241,0.04948527365467582,0.03375540791167728
2015-11-30,-0.01002218835159427,-0.011756415502514194,-0.04188890641875302,-0.03514411582125266
2015-12-31,-0.010918277447274444,-0.011743158984624847,-0.00826519845016468,-0.0045199281098003315
2016-01-31,-0.012240960338621267,-0.02249659210365424,-0.002672889238407347,0.005984706735147633
2016-02-29,0.010528019975591558,0.007735260959734019,0.051297420634787046,0.04604429123530474
2016-03-31,0.03721096843782332,0.04475670820880312,0.03272970908928825,0.02379770056478382
2016-04-30,0.013669057340286813,0.013708104251054929,0.023983603058731096,0.02074681628881014
2016-05-31,-0.0006111542917354844,0.002937308525561201,-0.025634446947548142,-0.016456165037957302
2016-06-30,0.017755486142798652,0.01124383537941231,0.0461662462330763,0.0400407254763094
2016-07-31,0.017789050035534854,0.021715338057411313,0.023478427288075338,0.01564377276103745
2016-08-31,0.003369501006605989,0.004278813108878809,-0.005775689949149611,-0.0021132009467486105
2016-09-30,0.0030493139064775208,0.003960333132111631,0.009844886934979964,0.005385389484785029
2016-10-31,-0.020181437718432376,-0.024386181979989423,-0.03059377877886224,-0.031043633837230734
2016-11-30,-0.01921905919277597,-0.013669919374212632,-0.03145243418737405,-0.03706552341853953
2016-12-31,0.0029458379021674525,0.0010461781350000685,-0.0026504539726331967,-0.010699516220715473
2017-01-31,0.014271359602358128,0.018577227142077078,0.03165977365606985,0.0220531206126027
2017-02-28,0.017030105861608642,0.018700337375324137,0.03473484525501117,0.026254966061204803
2017-03-31,0.004176794800927233,0.007159483399403276,0.002527560344084922,0.0008498194671789122
2017-04-30,0.01526353597755684,0.01791351694134629,0.01766729565786742,0.01865743834666894
2017-05-31,0.013932057471229933,0.016372685075577053,0.010324495547392112,0.009361637980508535
2017-06-30,0.004715910693116083,0.007720017703093345,-0.004084744019211212,-0.0003805425971218036
2017-07-31,0.014190326050589388,0.016813462473573605,0.023049094383609272,0.015580615019731875
2017-08-31,0.011016543242831769,0.012460949980805556,0.017237035144448513,0.020150209932560857
2017-09-30,0.005621027430984573,0.009341629547312097,0.002384804383143248,-0.0002738156567625603
2017-10-31,0.006052989385175444,0.008001319690672826,0.006325883996736135,-0.00024636069622135893
2017-11-30,0.009019058375357004,0.014056765978060933,0.013452621621273152,0.01033991272406781
2017-12-31,0.010703866680944972,0.011195060143519623,0.012932455724015328,0.010595497618159486
2018-01-31,0.02125086891354679,0.03349405899461014,0.04657407832331435,0.030454898102610373
2018-02-28,-0.025607609289658623,-0.027332699234985075,-0.03109223189171292,-0.02094482221789922
2018-03-31,-0.0017824196750019562,-0.0035776213632598454,-0.0060863350303594875,0.0004446668677198554
2018-04-30,-0.004184600398934537,-0.0011148812637957026,-0.0009314755137310449,-0.0035349691587097986
2018-05-31,-0.0003106461581193278,-0.0034142463216628844,-0.0025412962903688585,-0.00687131220049597
2018-06-30,-0.005968480492722066,-0.005832978588723756,-0.023255173852206466,-0.017501873430572263
2018-07-31,0.014734737780238047,0.016307113656408464,0.0032588579425824327,0.0003211300690458916
2018-08-31,0.001966381698797469,0.0027314100502601954,-0.0012054963642700676,-0.0021128868650061795
2018-09-30,0.0007834360822532834,0.0013307426856422988,-0.00595029071502108,-0.00605856867367014
2018-10-31,-0.0404005943008988,-0.05074782074787511,-0.02611590903128124,-0.02165309879774272
2018-11-30,0.007729813896408225,0.011323241678119163,0.009146450887263395,0.007579263862263334
2018-12-31,-0.01991635585013813,-0.03471502661485435,-0.012188089352651251,-0.0006142014679015907
2019-01-31,0.04517787414326146,0.05287318933941356,0.056148562374053704,0.04128129177894177
2019-02-28,0.009145276576992522,0.013769071383202422,0.013707054778139017,0.008072941772865824
2019-03-31,0.017078070079322775,0.015798402480075337,-0.004345887954054287,0.0021168571546641007
2019-04-30,0.013579646578087298,0.01889770635582069,0.015861513312001273,0.008648924769285126
2019-05-31,-0.016816755837583477,-0.031142556781952473,-0.028691439134916008,-0.013270984837196293
2019-06-30,0.04244702459007303,0.04875474006191968,0.07717521731316096,0.05936453283062343
2019-07-31,0.0022619910258205853,0.0012966851321590893,0.006322451733114512,0.005043665743977685
2019-08-31,0.009739158951067854,-0.0005824684330218259,0.021566379591104766,0.02575636937985898
2019-09-30,0.0033703374502365973,0.008794038859866182,-0.0020702717890644113,-0.005387102583929088
2019-10-31,0.011878923180877273,0.015460327456683229,0.02002416563839047,0.012465079370279623
2019-11-30,0.006975465898264796,0.01043559109504045,-0.0046879901932399964,-0.006658045303897417
2019-12-31,0.01687788742915685,0.019347673627379026,0.03988200480483266,0.025408583570654633
2020-01-31,0.005508493291987601,-0.0008784405908543397,0.011799782494258799,0.014326826157051002
2020-02-29,-0.022962092132374122,-0.03760510393691009,-0.021714650419622457,-0.008920999494305817
2020-03-31,-0.06685712001096893,-0.06959448461642076,-0.06896121714221491,-0.03992555172682781
2020-04-30,0.04947863819386847,0.05090160881531741,0.08203790572857333,0.05133922238041848
2020-05-31,0.027608354374666768,0.02994716982383855,0.025074835989444523,0.017788713489008554
2020-06-30,0.01951300072841531,0.021190708203148285,0.027576902750604232,0.02178018730001509
2020-07-31,0.03766626968905855,0.03843951729192981,0.08768854312366224,0.06439040302597061
2020-08-31,0.021136721186867224,0.03742253363887693,0.02064665435952224,0.016000747971976165
2020-09-30,-0.014728662993568998,-0.01697447199159828,-0.033657199363078205,-0.022584203893724408
2020-10-31,-0.011151753260838077,-0.015135116073502644,-0.012265005789447858,-0.009948342333411846
2020-11-30,0.05465559496116979,0.07092520754033996,0.021903006591102125,0.016967914966311864
2020-12-31,0.025256182727631603,0.03210835220597008,0.057291136461712355,0.04180637694352902
2021-01-31,-0.007404115972804484,-0.00500059391291176,-0.011696027991528649,-0.010421306706324067
2021-02-28,-0.003355096887534782,0.0033035803696234312,-0.011891526814710797,-0.016678233998128
2021-03-31,0.0022363924716495443,0.006438949603492674,-0.006692231837533374,-0.013925533441985116
2021-04-30,0.02480625845927346,0.027954103018912477,0.04570044067138644,0.031986769466424564
2021-05-31,0.011361824768066648,0.011400938291998385,0.04016310260029997,0.029211065160135004
2021-06-30,0.008483481373057449,0.009373002326394689,-0.02711290548214155,-0.017570177991731523
2021-07-31,0.010337542767516255,0.008538143812629493,0.02312162224060072,0.018194914946767827
2021-08-31,0.009691647212933915,0.014031927292203403,0.008222283241955336,0.005755585699727964
2021-09-30,-0.02836263877077405,-0.03340099772527565,-0.043932670685228915,-0.03564227045475394
2021-10-31,0.023035275943481964,0.027316538392028005,0.04662424908085869,0.025558242125751494
2021-11-30,-0.011906690512158952,-0.014974524941279146,-0.012407116663627921,-0.008516340580627644
2021-12-31,0.01874892373515831,0.023469808767073122,0.02690480385813442,0.017100373360482285
2022-01-31,-0.03533275738519499,-0.03686535717318594,-0.03083983807315295,-0.02854513528566994
2022-02-28,-0.021187435272438646,-0.023836739564536087,0.01687437700973738,0.00656423155887245
2022-03-31,-0.006255488322814637,-0.004926384001922423,0.014911012491674307,-0.0031131042926776874
2022-04-30,-0.06631674690341728,-0.07250534867476872,-0.040418566218838776,-0.04660220114669742
2022-05-31,0.0009645957363080695,-0.006029791499504917,-0.01545459391840685,-0.017417157132698403
2022-06-30,-0.05560300753731692,-0.06186690055551015,-0.049225911271336784,-0.04398801858362928
2022-07-31,0.04529600161071613,0.0447109690233809,0.014763460175499715,0.012255613150046618
2022-08-31,-0.03623278985421628,-0.032368036046818975,-0.03452399221368654,-0.028383661910214214
2022-09-30,-0.07674139278237953,-0.08729169168993889,-0.05611338357392809,-0.06280708019053531
2022-10-31,0.02059628359134652,0.02536707110739153,0.017157361292548468,0.0021336807575891136
2022-11-30,0.06920854695477148,0.07041083324812507,0.07822072817696332,0.06952469431964386
2022-12-31,-0.021778149512864567,-0.022054894579010494,-0.005755307794869439,0.00135185539364795
2023-01-31,0.052991977660049164,0.0552055696033235,0.0631395113558064,0.05057405059191347
2023-02-28,-0.03224685412181319,-0.030071640373845993,-0.041441241209299776,-0.03613858593597566
2023-03-31,0.031638189987485694,0.028504560409489198,0.06263752981474772,0.04893108728733058
2023-04-30,0.010728513157470514,0.01412965928915876,0.008772294314358175,0.009701051671527327
2023-05-31,-0.013321646467917114,-0.013599285052256523,-0.011215889824139872,-0.01356906384307474
2023-06-30,0.023515439326922873,0.03054966372649562,0.014738696449188375,0.005863344419562029
2023-07-31,0.01718755962260107,0.0216128526263103,0.03181910653402785,0.020923855201998715
2023-08-31,-0.020638698302908133,-0.025588829891791478,-0.017975170001397506,-0.018405487906603943
2023-09-30,-0.03754970221862452,-0.03980601186067361,-0.04016293701374834,-0.03844265241045726
2023-10-31,-0.020861099324179545,-0.025838678318575337,0.01949034580565031,0.0053651243769052975
2023-11-30,0.07001018357096313,0.07326786443005082,0.05402173638926713,0.05163418546620445
2023-12-31,0.046751179580102734,0.050137910155584595,0.030419729037570876,0.03732929150385924
2024-01-31,-0.003042767306169189,-0.0026948942307225606,-0.00456399346526515,-0.0066640959611524685
2024-02-29,0.010155191847384972,0.019154589668449205,0.02146150402962106,0.007612262370301584
2024-03-31,0.02312726300405674,0.02305560379836639,0.05834944627064942,0.04194639419558696
2024-04-30,-0.030100833500038136,-0.03541645553658126,0.0064347906532227425,-0.006581015660808206
2024-05-31,0.027868690341632738,0.029556693068984414,0.028336319625797097,0.020547279134995086
2024-06-30,0.011742693178303837,0.014639625773685008,0.006654990643317795,0.0060703461088476695
2024-07-31,0.019765052124127342,0.015801430177540682,0.027538550257697574,0.024263287869480656
2024-08-31,0.0275838909143932,0.032415187541230156,0.03425811887466515,0.03757729737861294
2024-09-30,0.020922330306685027,0.020932884996043,0.03632359585845571,0.031215733483305034
2024-10-31,-0.0238763531077664,-0.027547865471982808,0.015346234643556477,-0.0006305264417340167
2024-11-30,0.01799949383071942,0.01957122967528845,-0.003605426222408264,-0.0073862866470319165
2024-12-31,-0.02262186424736525,-0.02223502190240289,-0.02321057828925404,-0.020669752275922663
2025-01-31,0.014652869403202751,0.010592984701498961,0.050298147322131156,0.026657450936640736
2025-02-28,0.012406042797085959,0.008865018081600468,0.011286819312094097,0.0164618758119141
2025-03-31,-0.011352275132022204,-0.018718332216712937,0.028874165529427273,0.022457671410694345
2025-04-30,0.01228545158087126,0.01767372517060218,0.031093573688149904,0.03264775799404783
2025-05-31,0.022479441676000862,0.02955972017220403,0.026723363107993572,0.015260379587808787
2025-06-30,0.031120727481016037,0.037239963806815705,0.019161930122286848,0.019684002762626534
2025-07-31,0.002690359297418142,0.002284235721822604,0.00974570314435452,0.0034176834247446448
2025-08-31,0.018126341596899586,0.017749673375557634,0.028732230915504926,0.02097001388113312
2025-09-30,0.027571556637818555,0.024218567946257562,0.07920173197991841,0.05688249107205284
2025-10-31,0.01437504939273686,0.013395413856046999,0.040225001394246854,0.027961150287486393
2025-11-30,0.0028054591267596017,-0.0026413363251361387,0.02055039621734527,0.012638988633012549
2025-12-31,0.003731183890212912,0.00288041216238273,0.024133999069845865,0.015491589513535646
2026-01-31,0.023718897565294567,0.01594545693880082,0.1018573296332365,0.06702215631218764
2026-02-28,0.015946072631443042,0.0171747445290987,0.017684769516468857,0.01957567042965436
2026-03-31,-0.0486503623538825,-0.05089779706504596,-0.09258278875889939,-0.07464122695300654
2026-04-30,0.04443310226420822,0.05515026219209913,0.05393430619880486,0.034888040840749784
2026-05-31,0.02186261037369409,0.028012164330929238,0.01223835846381124,0.007842737444337371
2026-06-30,-0.00875701176916338,-0.003725429376575661,-0.05621848197272251,-0.040041123723609406
2026-07-31,-0.0070595188615098,-0.0044242165228894,0.0021469904268618,-0.0005161369555281
2026-08-31,0.0258509177395361,0.021720508600092,0.0797914013476448,0.0573928646760037
