,ltr,cash,val,rest,val_EQ,val_GOLD,val_bonds,yield_pct
1976-01-31,0.032403,0.0061028,0.0015232,0.0247769,0.0010734,-0.0052849,0.0057348,7.2435002
1976-02-29,0.0140976,0.0060096,0.0066551,0.001433,0.0010637,0.0016881,0.0039033,7.1653001
1976-03-31,0.0095405,0.0059636,0.001834,0.0017429,0.001121,-0.0011138,0.0018268,7.1439319
1976-04-30,0.0075633,0.0059422,0.0034603,-0.0018392,0.0010933,-0.000529,0.002896,7.0948127
1976-05-31,-0.0079867,0.0059137,-0.0055784,-0.008322,0.0011202,-0.0011349,-0.0055638,7.2062552
1976-06-30,0.0085235,0.0059996,-0.0023465,0.0048704,0.0010799,-0.0005688,-0.0028577,7.2661658
1976-07-31,0.0002502,0.0060168,-0.003757,-0.0020097,0.0011469,-0.0046245,-0.0002793,7.2396856
1976-08-31,0.0105566,0.0060561,0.0024121,0.0020884,0.001141,-0.0037738,0.0050449,7.1996325
1976-09-30,0.0196322,0.0060221,0.00943,0.0041801,0.0010957,0.0047002,0.003634,7.1796346
1976-10-31,0.0011434,0.0059439,0.0025558,-0.0073563,0.0011253,0.0022656,-0.0008351,7.1568047
1976-11-30,0.0191659,0.0059619,0.0131629,4.11e-05,0.0010565,0.0028329,0.0092734,7.0270041
1976-12-31,0.0380583,0.0058424,0.0109136,0.0213023,0.0010737,0.0016082,0.0082317,6.8896771
1977-01-31,-0.0066086,0.0056311,-0.011085,-0.0011548,-0.0064577,-0.0009201,-0.0037072,6.8607728
1977-02-28,0.0057939,0.0057262,-0.0020434,0.0021111,-0.005562,0.0036631,-0.0001445,6.9233732
1977-03-31,0.0092023,0.0057341,-0.0008532,0.0043215,-0.0059673,0.0027397,0.0023744,6.8941921
1977-04-30,0.0110377,0.0057212,-0.0048744,0.0101909,-0.0055737,-0.0012314,0.0019306,6.8770694
1977-05-31,0.0046168,0.0057222,-0.004551,0.0034456,-0.0056484,-0.0012181,0.0023155,6.877346
1977-06-30,0.0186008,0.0057351,-0.0028561,0.0157218,-0.0052663,-9.09e-05,0.0025011,6.8817366
1977-07-31,0.0038157,0.0057058,-0.0081054,0.0062154,-0.0054465,0.0005497,-0.0032086,6.9393452
1977-08-31,0.0103755,0.0057719,-4.53e-05,0.0046489,-0.0052627,0.0005301,0.0046873,6.9032359
1977-09-30,0.0140523,0.0057361,0.0002699,0.0080463,-0.0049766,0.0027048,0.0025417,6.887689
1977-10-31,0.0013287,0.005706,-0.0060176,0.0016403,-0.0050514,0.0023398,-0.0033061,6.9503352
1977-11-30,0.0091269,0.0057666,-0.0062834,0.0096437,-0.0047282,-0.0003473,-0.0012079,6.9858695
1977-12-31,0.0131515,0.0058027,-0.007209,0.0145579,-0.0048291,0.0019544,-0.0043344,7.0793017
1978-01-31,-0.0028461,0.0058833,-0.0030677,-0.0056616,-0.0005995,0.0032103,-0.0056785,7.1866244
1978-02-28,0.0060752,0.0059592,-4.54e-05,0.0001613,-0.000528,0.0023016,-0.001819,7.2081583
1978-03-31,0.0141215,0.0059786,-0.0040356,0.0121784,-0.0005781,-0.0004301,-0.0030274,7.2474608
1978-04-30,0.0051108,0.0060036,-0.0084272,0.0075345,-0.000578,-0.0037471,-0.0041022,7.3003456
1978-05-31,0.0019032,0.0060589,-0.0024687,-0.001687,-0.0006219,0.0048043,-0.0066512,7.4104989
1978-06-30,0.0035493,0.0061054,-0.0060944,0.0035383,-0.0006099,-0.0005734,-0.0049111,7.4367141
1978-07-31,0.0315275,0.0061719,0.0041858,0.0211698,-0.0006359,0.0050393,-0.0002176,7.4436252
1978-08-31,0.0257972,0.0061192,0.0067835,0.0128946,-0.0006625,0.002667,0.0047789,7.2873331
1978-09-30,0.0121942,0.0060421,0.0003592,0.0057929,-0.0006414,0.0031304,-0.0021298,7.3099033
1978-10-31,0.0052145,0.0060491,-0.0022256,0.0013911,-0.0006644,0.0077201,-0.0092813,7.4420692
1978-11-30,-0.0296568,0.0061403,-0.0212348,-0.0145623,-0.0006278,-0.0173538,-0.0032531,7.4605845
1978-12-31,0.0186182,0.0063032,0.0025072,0.0098079,-0.0006453,0.0091408,-0.0059883,7.6960187
1979-01-31,0.0145988,0.0064377,0.0043887,0.0037725,0.0023269,0.0025838,-0.000522,7.7600375
1979-02-28,0.0016037,0.0064174,0.0021681,-0.0069819,0.0021515,0.0052192,-0.0052026,7.7975745
1979-03-31,0.0156894,0.0064484,0.002477,0.006764,0.0023623,-0.0034871,0.0036018,7.7084461
1979-04-30,0.0043462,0.0064093,0.0013249,-0.003388,0.0023729,0.0011245,-0.0021725,7.7446582
1979-05-31,0.0079106,0.0064267,0.010622,-0.0091381,0.0024693,0.0093727,-0.0012201,7.7560172
1979-06-30,0.0181034,0.0063852,0.0034466,0.0082716,0.0023612,-0.0002065,0.0012919,7.645883
1979-07-31,0.019875,0.0063502,0.0056985,0.0078263,0.0024972,0.0052895,-0.0020882,7.6637212
1979-08-31,0.0163559,0.0063417,0.0043606,0.0056536,0.0025008,0.0061241,-0.0042642,7.6976699
1979-09-30,0.0261521,0.0063268,0.015818,0.0040073,0.0025076,0.0197429,-0.0064325,7.7258317
1979-10-31,-0.058327,0.0062574,-0.0329285,-0.0316559,0.0026154,-0.004794,-0.0307499,8.0741137
1979-11-30,0.0090744,0.0067054,0.0025228,-0.0001537,0.0025205,0.010292,-0.0102898,8.2753229
1979-12-31,0.047122,0.0067416,0.0291588,0.0112216,0.0027013,0.0271538,-0.0006962,8.1208904
1980-01-31,0.0424885,0.0066387,0.0203811,0.0154687,0.0017573,0.0319823,-0.0133584,8.2389347
1980-02-29,-0.0517882,0.0065294,-0.0441254,-0.0141922,0.0016894,-0.0068914,-0.0389235,8.610161
1980-03-31,-0.0845071,0.007025,-0.0492216,-0.0423105,0.0019246,-0.0390351,-0.0121111,8.7218526
1980-04-30,0.0660641,0.0075365,0.0374086,0.0211189,0.0018254,0.0043489,0.0312344,8.4820198
1980-05-31,0.0682438,0.0070842,0.0309504,0.0302092,0.0018977,0.003104,0.0259486,8.0131619
1980-06-30,0.0670324,0.0067368,0.0399407,0.0203549,0.0018164,0.028287,0.0098373,7.9148247
1980-07-31,-0.0046899,0.0064019,-0.0175338,0.006442,0.0018567,-0.0103993,-0.0089912,7.8710785
1980-08-31,-0.0105498,0.0065656,-0.0132666,-0.0038488,0.0019407,0.0035276,-0.0187349,8.2616125
1980-09-30,0.0088204,0.0067491,-0.0008035,0.0028749,0.0019562,0.0080803,-0.01084,8.345686
1980-10-31,-0.0095652,0.0068076,-0.0176591,0.0012863,0.0020856,-0.007928,-0.0118167,8.4279486
1980-11-30,-0.0033399,0.0069755,-0.0119142,0.0015988,0.002121,-0.0033647,-0.0106705,8.6264077
1980-12-31,-0.0148122,0.0070837,-0.0080266,-0.0138693,0.0023144,-0.0075615,-0.0027795,8.6054092
1981-01-31,-0.0146239,0.0075077,-0.0224876,0.000356,-0.0028839,-0.0191935,-0.0004102,9.0539918
1981-02-28,-0.023231,0.0077152,-0.0233679,-0.0075783,-0.0025469,-0.0038712,-0.0169498,9.6521872
1981-03-31,0.0285382,0.0079608,0.0051238,0.0154537,-0.0028716,0.00529,0.0027053,9.564211
1981-04-30,-0.0192431,0.0078826,-0.0256406,-0.0014851,-0.0027797,-0.0075421,-0.0153188,9.8281245
1981-05-31,-0.0139614,0.008155,-0.0110533,-0.011063,-0.0029134,-0.0005045,-0.0076354,10.0231285
1981-06-30,-0.001875,0.0082967,-0.0149922,0.0048205,-0.0027899,-0.0138302,0.0016279,9.9651446
1981-07-31,-0.0241618,0.0084073,-0.023109,-0.0094601,-0.0028669,-0.0037659,-0.0164761,10.5051126
1981-08-31,-0.0092812,0.0086976,-0.0107183,-0.0072604,-0.0028685,0.0046004,-0.0124502,10.7761035
1981-09-30,-0.0231719,0.0088775,-0.0150654,-0.016984,-0.0027275,0.0002347,-0.0125726,11.010911
1981-10-31,0.0361125,0.0092197,0.0092897,0.0176031,-0.0026463,0.0005995,0.0113365,10.9174392
1981-11-30,0.0733604,0.0090829,0.026484,0.0377934,-0.0025276,-0.0031818,0.0321933,10.2828463
1981-12-31,-0.0091954,0.0086422,-0.015202,-0.0026355,-0.0025892,-0.0034049,-0.0092079,10.6184997
1982-01-31,-0.0188839,0.0090558,-0.0147543,-0.0131854,0.0011544,-0.0025474,-0.0133613,11.2304292
1982-02-28,-0.0104446,0.0092944,-0.0017576,-0.0179813,0.0010536,-0.005625,0.0028137,11.1619699
1982-03-31,0.0101629,0.009405,0.0003071,0.0004508,0.0011158,-0.0100042,0.0091955,11.1288447
1982-04-30,0.0346529,0.0094241,0.0140776,0.0111512,0.0010463,0.0074776,0.0055536,11.2589856
1982-05-31,0.0118739,0.0092446,0.0003443,0.002285,0.0011008,-0.0068783,0.0061218,11.0246148
1982-06-30,-0.0307336,0.0092895,-0.0183484,-0.0216747,0.0010313,-0.0024334,-0.0169463,11.5573169
1982-07-31,0.025996,0.009614,0.018239,-0.0018569,0.0010548,0.0058467,0.0113374,11.3693884
1982-08-31,0.0734165,0.0094387,0.0399843,0.0239935,0.0010194,0.012796,0.0261689,10.8403961
1982-09-30,0.0453011,0.0089066,0.0259074,0.0104871,0.0009881,-0.0029351,0.0278543,10.1769203
1982-10-31,0.0692822,0.0085668,0.0373294,0.023386,0.0009869,0.0048867,0.0314558,9.7000644
1982-11-30,0.0311314,0.0080596,0.0096406,0.0134312,0.0009581,0.0010735,0.0076089,9.5410363
1982-12-31,0.0308971,0.0079102,0.0099333,0.0130535,0.0010178,0.0032386,0.0056769,9.4327182
1983-01-31,0.0218667,0.0073962,0.0100432,0.0044273,0.0031088,0.0097259,-0.0027915,8.9367812
1983-02-28,-0.0019618,0.0073365,-0.0088654,-0.000433,0.0028489,-0.0166932,0.0049789,8.7587364
1983-03-31,0.0202261,0.0073665,0.0044707,0.0083889,0.0032791,-0.0010175,0.0022091,8.8047024
1983-04-30,0.038995,0.0073111,0.0145579,0.017126,0.0032725,0.0025233,0.0087621,8.63586
1983-05-31,0.0030811,0.0071212,0.0002284,-0.0042684,0.0035434,0.0017969,-0.0051118,8.6405856
1983-06-30,-0.0033908,0.0071732,-0.0080999,-0.0024641,0.0034464,-0.003943,-0.0076033,8.7801818
1983-07-31,-0.014974,0.0072538,-0.0093065,-0.0129212,0.0037551,0.0009468,-0.0140083,8.9837298
1983-08-31,-0.0080234,0.0074325,-0.0057258,-0.0097301,0.0038142,-0.0013758,-0.0081642,9.1096698
1983-09-30,0.0212301,0.0075317,0.0104353,0.0032632,0.0038074,-0.0018857,0.0085135,8.9116008
1983-10-31,0.0032707,0.0074196,-0.0005172,-0.0036316,0.0040002,-0.0036518,-0.0008656,8.9348709
1983-11-30,0.0120092,0.0074761,0.0075352,-0.0030021,0.0038748,0.003742,-8.16e-05,9.0132234
1983-12-31,-0.0044054,0.0074166,-0.0049416,-0.0068805,0.0041246,-0.0042745,-0.0047917,9.0212091
1984-01-31,0.0121613,0.0076112,0.0043145,0.0002356,0.0003881,-0.001616,0.0055425,9.0654705
1984-02-29,0.0087571,0.0075543,0.0002821,0.0009207,0.0003621,0.0039267,-0.0040068,9.1716924
1984-03-31,0.0027696,0.0076199,-0.0142636,0.0094134,0.0003776,-0.0013321,-0.0133092,9.4486926
1984-04-30,-0.0108858,0.0077678,-0.0097201,-0.0089334,0.0003818,-0.0020288,-0.0080731,9.5249837
1984-05-31,-0.0446999,0.0078995,-0.0203475,-0.0322519,0.0003976,0.0011784,-0.0219235,9.9463408
1984-06-30,0.0002181,0.008278,-0.0049932,-0.0030667,0.0003718,-0.0014224,-0.0039426,10.0756226
1984-07-31,-0.0035843,0.0083527,0.0050129,-0.0169499,0.0003869,-0.0060484,0.0106744,9.880549
1984-08-31,0.049896,0.0083182,0.0140873,0.0274905,0.0003743,0.001041,0.012672,9.765377
1984-09-30,0.0103954,0.0080406,0.0096401,-0.0072853,0.0003792,-0.0005845,0.0098454,9.5058242
1984-10-31,0.0235331,0.0079294,0.0144832,0.0011205,0.0003863,-0.0015866,0.0156836,9.270315
1984-11-30,0.0233674,0.0077382,0.0099667,0.0056624,0.0003694,-0.0009425,0.0105398,9.1126599
1984-12-31,0.0061632,0.0076295,-0.0005297,-0.0009365,0.0003719,-0.0031258,0.0022241,9.1464643
1985-01-31,0.0219361,0.0077263,0.0094158,0.004794,0.0030629,-0.0006357,0.0069887,9.1749291
1985-02-28,-0.0149932,0.0075786,-0.0121282,-0.0104436,0.0028945,-0.0022228,-0.0128,9.341708
1985-03-31,0.0139389,0.0077417,0.0055028,0.0006945,0.0033068,0.0056381,-0.0034421,9.4192357
1985-04-30,0.0312454,0.0077102,0.0128311,0.0107042,0.003314,-0.000783,0.0103001,9.0854476
1985-05-31,0.0457266,0.0076045,0.0253076,0.0128145,0.0033616,-0.0017118,0.0236579,8.7245046
1985-06-30,0.0343958,0.0072618,0.0157327,0.0114013,0.0033182,0.0004654,0.0119491,8.4795416
1985-07-31,0.0192881,0.0070786,0.0017424,0.010467,0.0034251,0.0015374,-0.00322,8.5732658
1985-08-31,0.0164805,0.0070988,0.0080255,0.0013562,0.0034855,0.001001,0.003539,8.4928402
1985-09-30,0.0039228,0.007046,0.0020927,-0.0052159,0.003402,-0.0012213,-8.8e-05,8.4805842
1985-10-31,0.0370287,0.0070434,0.0101064,0.0198789,0.0035853,-9.74e-05,0.0066185,8.3619068
1985-11-30,0.0407534,0.0069216,0.0171827,0.0166491,0.0035823,0.0002057,0.0133947,8.0813644
1985-12-31,0.040932,0.0067007,0.0191861,0.0150452,0.0038167,-4.8e-05,0.0154175,7.7836332
1986-01-31,0.0174696,0.0063515,0.0086505,0.0024675,0.0045565,0.003256,0.000838,7.614753
1986-02-28,0.0585767,0.0063026,0.0242403,0.0280338,0.0041806,-0.001987,0.0220467,7.2061264
1986-03-31,0.0715493,0.0059707,0.0334534,0.0321252,0.0048445,0.0008344,0.0277745,6.6961512
1986-04-30,0.0279583,0.0055464,0.0156242,0.0067876,0.004883,-8.13e-05,0.0108225,6.4774519
1986-05-31,-0.0122857,0.005387,-0.0108179,-0.0068547,0.0051434,-0.0001477,-0.0158136,6.7206378
1986-06-30,0.0223584,0.0055652,0.0132989,0.0034943,0.0051276,0.0002285,0.0079428,6.5756997
1986-07-31,0.018881,0.005434,0.01121,0.0022369,0.0054979,0.0012549,0.0044573,6.438405
1986-08-31,0.0458388,0.0053574,0.0176377,0.0228437,0.0055527,0.0027814,0.0093036,6.2924443
1986-09-30,-0.0189856,0.0051638,-0.0037156,-0.0204339,0.0056911,0.0032915,-0.0126982,6.3919402
1986-10-31,-0.0063266,0.0053113,0.0011742,-0.0128121,0.005876,-0.0020092,-0.0026927,6.4175279
1986-11-30,0.0188069,0.0053574,0.0079131,0.0055364,0.0057396,-0.0011693,0.0033427,6.3718259
1986-12-31,0.014492,0.0052772,0.0072927,0.0019221,0.0061907,8.84e-05,0.0010136,6.3113642
1987-01-31,0.0599678,0.0052135,0.0095838,0.0451706,-0.0007584,0.0016779,0.0086644,6.1369934
1987-02-28,0.0161802,0.0050293,-0.0010597,0.0122107,-0.0007183,-0.0001527,-0.0001887,6.0603734
1987-03-31,0.0260465,0.0050159,0.0003864,0.0206442,-0.0008057,0.0012619,-6.98e-05,6.042038
1987-04-30,0.0058801,0.0049682,-0.0145906,0.0155025,-0.0008036,0.0032132,-0.0170001,6.2753476
1987-05-31,-0.0115906,0.0051037,-0.0121888,-0.0045056,-0.0008697,-0.0002586,-0.0110605,6.3512599
1987-06-30,-0.0011645,0.0052454,-0.0012146,-0.0051954,-0.0008485,-0.0004433,7.72e-05,6.314319
1987-07-31,0.0009713,0.0052523,-0.006264,0.001983,-0.0008725,0.0015978,-0.0069894,6.437481
1987-08-31,0.0085949,0.0053062,-0.013395,0.0166838,-0.000884,-0.0007992,-0.0117118,6.587934
1987-09-30,-0.0218887,0.0053845,-0.0173156,-0.0099577,-0.0008941,0.0003045,-0.016726,6.7834877
1987-10-31,-0.0601567,0.0056131,0.004298,-0.0700678,-0.0009233,0.0008426,0.0043786,6.7172172
1987-11-30,0.0254306,0.0058032,0.0129576,0.0066698,-0.0007829,0.0025733,0.0111671,6.7822025
1987-12-31,0.0196766,0.0057136,-0.0021568,0.0161198,-0.0007661,-0.000742,-0.0006487,6.8991434
1988-01-31,0.0225464,0.0058061,0.0125971,0.0041432,0.0032232,-0.0020049,0.0113789,6.7903293
1988-02-29,0.032711,0.0056605,0.0107689,0.0162816,0.003046,-0.0039216,0.0116445,6.5908805
1988-03-31,0.0157487,0.005481,0.0015666,0.0087011,0.0033636,0.0028758,-0.0046728,6.6599427
1988-04-30,-0.0030256,0.0054894,-0.0063321,-0.0021829,0.0033363,-0.0007155,-0.0089528,6.7662261
1988-05-31,-0.0147486,0.0055883,-0.0050641,-0.0152728,0.003542,0.0003647,-0.0089708,6.8766005
1988-06-30,0.0050275,0.0057117,0.0079753,-0.0086595,0.0034482,-0.0015295,0.0060567,6.7743694
1988-07-31,-0.0024221,0.0056468,-0.0035127,-0.0045563,0.0035855,-0.000363,-0.0067351,6.9058387
1988-08-31,-0.0232949,0.0056949,-0.0020232,-0.0269666,0.0037109,-0.0005582,-0.0051759,6.9430662
1988-09-30,0.0307666,0.0058227,0.0104668,0.0144771,0.003523,-0.0027977,0.0097415,6.8293089
1988-10-31,0.0483644,0.0056769,0.0159229,0.0267646,0.0037295,0.001371,0.0108224,6.6300001
1988-11-30,0.0161103,0.0054746,-0.0017688,0.0124045,0.0037183,0.0007347,-0.0062218,6.6832941
1988-12-31,0.0019703,0.0055098,-0.0013276,-0.0022119,0.003964,-0.0009176,-0.004374,6.7091204
1989-01-31,0.0124392,0.0055966,0.0210368,-0.0141941,0.0018222,-0.0012949,0.0205095,6.4284796
1989-02-28,-0.003107,0.0053071,-0.0033274,-0.0050867,0.001696,-0.0006713,-0.0043521,6.4520966
1989-03-31,-0.0065008,0.0053692,-0.0024382,-0.0094319,0.0018854,-0.0003683,-0.0039553,6.5331208
1989-04-30,0.0159258,0.0054272,0.0052396,0.005259,0.001836,-8.29e-05,0.0034865,6.4742728
1989-05-31,-0.0027184,0.0053663,0.007848,-0.0159327,0.0019222,-0.0014857,0.0074116,6.3290471
1989-06-30,0.0132248,0.005313,0.0147739,-0.0068621,0.001832,0.0006187,0.0123232,6.1658352
1989-07-31,0.0584767,0.0051725,0.0097786,0.0435256,0.0018584,-0.0001658,0.008086,6.0847511
1989-08-31,-0.0109752,0.0049792,-0.0022566,-0.0136978,0.0019619,-0.0007321,-0.0034863,6.0440772
1989-09-30,0.0070182,0.0050508,-0.001121,0.0030884,0.0018831,0.0007137,-0.0037178,6.1342308
1989-10-31,0.002392,0.0050577,0.0063264,-0.0089922,0.001998,0.0005333,0.0037951,6.0194992
1989-11-30,0.0195874,0.0050577,0.0031511,0.0113786,0.0018759,0.002252,-0.0009768,6.0958404
1989-12-31,0.0172257,0.0050178,3.51e-05,0.0121729,0.0019884,-0.0004365,-0.0015169,6.0571365
1990-01-31,-0.0263063,0.0049266,-0.0208194,-0.0104135,-0.0086848,0.0012097,-0.0133443,6.1613636
1990-02-28,-0.0243137,0.005148,-0.0175955,-0.0118662,-0.0075011,-0.0006537,-0.0094406,6.3760427
1990-03-31,-0.0342196,0.0053342,-0.0171513,-0.0224025,-0.0079585,-0.0030343,-0.0061585,6.5441989
1990-04-30,-0.0090185,0.0055089,-0.0133807,-0.0011467,-0.0073129,-5.28e-05,-0.006015,6.7496406
1990-05-31,0.0485945,0.0056171,-0.001996,0.0449734,-0.0073425,-0.00065,0.0059965,6.6931485
1990-06-30,0.0093551,0.0054711,-0.0020603,0.0059443,-0.0073103,-0.0008959,0.0061459,6.4941292
1990-07-31,0.0198619,0.0054373,-0.005578,0.0200026,-0.0072648,0.0014088,0.000278,6.5580631
1990-08-31,-0.0432383,0.005436,-0.0194256,-0.0292486,-0.0071198,0.0012599,-0.0135657,6.787608
1990-09-30,-0.0352105,0.0057411,-0.0104203,-0.0305313,-0.0063202,0.0013926,-0.0054926,7.0318287
1990-10-31,0.0443454,0.0059654,-0.0038348,0.0422147,-0.0058853,-0.0022773,0.0043279,7.134256
1990-11-30,0.0119856,0.0058713,0.005898,0.0002163,-0.0058351,0.0004321,0.011301,6.8952841
1990-12-31,0.0200873,0.0057946,0.0056864,0.0086063,-0.0056579,0.0004766,0.0108677,6.8082116
1991-01-31,0.0133075,0.0057253,0.0006219,0.0069603,0.0008844,-0.0016138,0.0013512,6.8693243
1991-02-28,0.0510365,0.0056951,0.0099766,0.0353649,0.000814,-0.0004819,0.0096445,6.6815039
1991-03-31,-0.0180601,0.0055009,-0.00963,-0.013931,0.0009434,-0.0006266,-0.0099469,6.7751579
1991-04-30,0.0064334,0.0056268,0.0037309,-0.0029244,0.0009196,-3.85e-05,0.0028499,6.7196376
1991-05-31,0.0087871,0.0055795,0.0017315,0.0014761,0.0009567,0.0005571,0.0002177,6.7094456
1991-06-30,-0.0253962,0.0055605,-0.0043591,-0.0265976,0.0009351,0.0003662,-0.0056603,6.7899677
1991-07-31,0.0182994,0.0056803,0.0016991,0.0109199,0.0009402,-0.0002345,0.0009934,6.8170786
1991-08-31,0.0182706,0.0056385,0.0100326,0.0025994,0.0009604,-0.0011799,0.0102521,6.6029725
1991-09-30,0.0296331,0.0055324,0.0107315,0.0133692,0.0009091,0.0002375,0.009585,6.4984008
1991-10-31,0.0178318,0.0054025,0.0045404,0.0078889,0.0009393,0.0004523,0.0031488,6.4456422
1991-11-30,0.0002631,0.0053481,0.0039094,-0.0089944,0.0009147,0.0006065,0.0023881,6.3932447
1991-12-31,0.0429958,0.005363,0.0120339,0.025599,0.0009078,-0.0008908,0.0120169,6.2561265
1992-01-31,0.0030276,0.0050934,-0.0011778,-0.000888,-0.0004309,5e-05,-0.0007969,6.1330234
1992-02-29,-0.0076884,0.0051118,-0.0028136,-0.0099866,-0.0003983,-7.32e-05,-0.002342,6.2017217
1992-03-31,-0.0252233,0.0051547,-0.0066746,-0.0237034,-0.0004243,-0.0007867,-0.0054635,6.2955205
1992-04-30,0.0044873,0.0052676,-0.0013671,0.0005869,-0.0004001,-0.0003635,-0.0006035,6.3452529
1992-05-31,0.0256305,0.0052793,0.0046728,0.0156784,-0.0004114,8.87e-05,0.0049954,6.2758077
1992-06-30,0.0034465,0.0051988,0.0032246,-0.0049769,-0.0004025,0.0003867,0.0032405,6.2026655
1992-07-31,0.023314,0.0052022,0.0100357,0.0080762,-0.0003983,0.0009468,0.0094872,6.1006692
1992-08-31,0.0196413,0.0050943,0.0038308,0.0107162,-0.0003875,-0.0011612,0.0053795,6.0379663
1992-09-30,0.0075427,0.0050257,0.0054037,-0.0028867,-0.0003749,0.0005343,0.0052443,5.9684594
1992-10-31,-0.0152179,0.0049755,-0.0068791,-0.0133144,-0.0003797,-0.0006539,-0.0058455,6.0894956
1992-11-30,-0.0047949,0.0050679,-0.0017278,-0.0081349,-0.0003651,-0.0003296,-0.0010332,6.1319858
1992-12-31,0.0137487,0.0050732,0.0037037,0.0049717,-0.0003853,-5.16e-05,0.0041407,6.0367374
1993-01-31,0.0108654,0.0049812,0.0101951,-0.0043109,0.0030767,-0.0001432,0.0072616,5.8720989
1993-02-28,0.0261784,0.0048896,0.015233,0.0060559,0.0027892,-0.0001317,0.0125755,5.6733905
1993-03-31,0.0350462,0.0047231,0.0100638,0.0202593,0.0031076,0.0005149,0.0064412,5.5645869
1993-04-30,0.0248674,0.004597,0.0031583,0.0171121,0.0031285,0.0009978,-0.000968,5.5310271
1993-05-31,0.0113868,0.0045723,0.0010857,0.0057288,0.0033323,0.0015981,-0.0038448,5.5498445
1993-06-30,0.0062125,0.00458,0.011089,-0.0094566,0.0033349,-0.0001194,0.0078736,5.3833705
1993-07-31,0.0177352,0.0044993,0.0114816,0.0017543,0.0034071,0.0014163,0.0066582,5.2987042
1993-08-31,0.0384254,0.004392,0.0155284,0.018505,0.0034745,-0.0020083,0.0140621,5.0563607
1993-09-30,0.0131283,0.0042069,0.0108355,-0.0019142,0.0034371,-0.0010296,0.008428,4.9146932
1993-10-31,0.0093583,0.0041135,0.0065043,-0.0012594,0.0035097,0.0008879,0.0021066,4.9103484
1993-11-30,-0.0304073,0.0040675,-0.0059764,-0.0284984,0.0034783,9.28e-05,-0.0095475,5.0442626
1993-12-31,0.0232771,0.0042045,0.0087243,0.0103483,0.0035704,0.0010907,0.0040633,4.9992798
1994-01-31,0.0230485,0.0040526,0.0011271,0.0178688,9.26e-05,-0.0007511,0.0017855,4.8464113
1994-02-28,-0.0119267,0.0039928,-0.0117923,-0.0041273,8.72e-05,0.0001474,-0.0120269,4.9782917
1994-03-31,-0.0337717,0.0041342,-0.0185844,-0.0193215,9.68e-05,0.0005193,-0.0192005,5.2733058
1994-04-30,-0.0038512,0.0043853,-0.0109207,0.0026841,9.28e-05,-0.0008185,-0.010195,5.4576248
1994-05-31,0.0013883,0.0044967,-0.0041064,0.0009979,9.85e-05,0.0005897,-0.0047946,5.4896372
1994-06-30,-0.0017731,0.0045541,-0.0074312,0.0011041,9.55e-05,-5.18e-05,-0.007475,5.5841264
1994-07-31,0.0138316,0.004639,-0.0012047,0.0103973,9.9e-05,-8.25e-05,-0.0012213,5.6154657
1994-08-31,0.0124884,0.0046543,-0.0025417,0.0103757,9.95e-05,0.0001319,-0.0027731,5.6364013
1994-09-30,-0.0130618,0.0046544,-0.0092065,-0.0085096,9.84e-05,0.0005342,-0.0098392,5.7635587
1994-10-31,0.0048449,0.0047917,-0.0063382,0.0063913,0.0001011,-0.0004833,-0.005956,5.8733205
1994-11-30,-0.0192738,0.0048557,-0.0030229,-0.0211066,9.92e-05,-0.0002438,-0.0028784,5.8996663
1994-12-31,0.0076039,0.0049488,0.0044082,-0.0017531,9.96e-05,-5.19e-05,0.0043605,5.878254
1995-01-31,-0.0018472,0.0050889,0.0023487,-0.0092848,0.0018459,-0.0003687,0.0008716,6.10881
1995-02-28,0.0232539,0.005116,0.0113491,0.0067888,0.0016307,-8.3e-06,0.0097267,5.9900198
1995-03-31,0.0386233,0.0049975,0.0070619,0.0265639,0.0017911,0.0005755,0.0046953,5.9260362
1995-04-30,0.0329717,0.0049165,0.0095507,0.0185045,0.001748,0.0001521,0.0076506,5.7954586
1995-05-31,0.0275725,0.0048159,0.0207205,0.0020361,0.0018114,-0.0002647,0.0191738,5.4837883
1995-06-30,0.0206493,0.0045851,0.0114952,0.004569,0.0017322,0.0001625,0.0096005,5.3451875
1995-07-31,0.0090592,0.0044645,-0.003218,0.0078128,0.0017718,-0.000204,-0.0047858,5.4445725
1995-08-31,-0.0154987,0.0044864,0.0004351,-0.0204202,0.0018483,-8.06e-05,-0.0013326,5.4289683
1995-09-30,0.0149877,0.0045115,0.0097297,0.0007465,0.001802,0.0001006,0.007827,5.290903
1995-10-31,0.0082552,0.0044007,0.0063259,-0.0024715,0.00188,-6.4e-05,0.0045099,5.2111038
1995-11-30,0.017883,0.0043613,0.0088031,0.0047187,0.0017844,0.000254,0.0067647,5.1409976
1995-12-31,0.0205949,0.0042645,0.0103329,0.0059976,0.0018712,-5.31e-05,0.0085148,4.9914627
1996-01-31,0.0087759,0.0040596,0.0032589,0.0014574,0.0007212,0.0007966,0.0017411,4.8556399
1996-02-29,-0.0082582,0.0040198,-0.009894,-0.002384,0.0006856,-0.0001398,-0.0104398,4.9876322
1996-03-31,-0.0089903,0.0041291,-0.0107073,-0.0024121,0.0007454,-0.0001807,-0.011272,5.162185
1996-04-30,0.0041548,0.0042543,-0.0050666,0.0049671,0.0007407,-0.0003284,-0.005479,5.2106495
1996-05-31,-0.0015719,0.0042968,-0.002979,-0.0028897,0.0007876,1.98e-05,-0.0037863,5.2328851
1996-06-30,0.0006842,0.0043412,-8.7e-05,-0.00357,0.0007677,-0.0004642,-0.0003905,5.2392796
1996-07-31,-0.0085829,0.0043555,0.0018444,-0.0147828,0.0007946,0.000207,0.0008428,5.2223725
1996-08-31,0.0170936,0.0043874,0.0040718,0.0086344,0.0007692,8.73e-05,0.0032154,5.2135154
1996-09-30,0.0119263,0.0043394,0.0014375,0.0061495,0.0007446,-0.0003947,0.0010876,5.2254967
1996-10-31,0.0169808,0.0043111,0.012869,-0.0001992,0.0007881,0.0,0.0120809,4.9928995
1996-11-30,0.0347657,0.0041794,0.0102839,0.0203024,0.0007497,-0.0003567,0.0098909,4.864818
1996-12-31,-0.0096361,0.0040391,-0.0036691,-0.0100061,0.0007838,-0.0001087,-0.0043442,4.9260133
1997-01-31,-0.0064099,0.0041091,-0.0026768,-0.0078422,0.003405,-0.0011751,-0.0049068,5.024388
1997-02-28,0.0076717,0.0041585,0.0081226,-0.0046094,0.003161,0.0007103,0.0042514,4.9256826
1997-03-31,-0.0198833,0.0040939,-0.0065136,-0.0174635,0.0035463,-0.0005208,-0.0095391,5.0722256
1997-04-30,0.0036168,0.0042214,0.001411,-0.0020156,0.0034534,-0.0004321,-0.0016103,5.1124615
1997-05-31,0.0379372,0.0042263,0.007195,0.0265159,0.0036609,0.0002469,0.0032872,5.0164358
1997-06-30,0.0291591,0.0041284,0.0087045,0.0163261,0.0036895,-0.0005381,0.005553,4.8666135
1997-07-31,0.029462,0.0040309,0.0151464,0.0102847,0.003907,-0.0003578,0.0115972,4.6595359
1997-08-31,-0.029245,0.0038695,-0.0001581,-0.0329565,0.0039813,-2.56e-05,-0.0041137,4.7088663
1997-09-30,0.028927,0.0039579,0.0093444,0.0156247,0.0037785,0.0001463,0.0054197,4.6729141
1997-10-31,-0.0111128,0.0038571,0.0101894,-0.0251593,0.0040278,-0.0008053,0.0069669,4.5252059
1997-11-30,0.0060651,0.0038294,0.0058183,-0.0035826,0.0037373,-0.0005952,0.0026762,4.548068
1997-12-31,0.0056376,0.0037948,0.0079671,-0.0061243,0.0038837,-0.0003344,0.0044177,4.4894061
1998-01-31,0.015599,0.0036655,0.0118288,0.0001047,0.0043378,0.0005572,0.0069339,4.290378
1998-02-28,0.0283963,0.003568,0.0018813,0.0229471,0.0039598,-0.0002356,-0.0018429,4.3106595
1998-03-31,0.0158614,0.0035327,0.0041763,0.0081524,0.0046233,0.000144,-0.000591,4.2550939
1998-04-30,0.0068949,0.0035047,0.0054226,-0.0020324,0.0046432,0.0004515,0.0003279,4.2037015
1998-05-31,-0.0057051,0.0034886,0.0058989,-0.0150925,0.0048768,-0.0007971,0.0018192,4.1682953
1998-06-30,0.0089832,0.0034894,0.0101158,-0.0046219,0.0047011,0.0001416,0.0052731,4.1026837
1998-07-31,-0.0021317,0.0034218,0.0035895,-0.0091431,0.0048969,-0.0002704,-0.0010371,4.1236165
1998-08-31,-0.0522314,0.003435,0.0113415,-0.067008,0.0049447,-0.0006948,0.0070916,4.0251286
1998-09-30,0.035436,0.0034651,0.0192054,0.0127655,0.0043544,0.0008875,0.0139635,3.9601849
1998-10-31,0.0416377,0.0032852,0.0045714,0.0337811,0.0044838,-4.3e-05,0.0001306,3.9382561
1998-11-30,0.0141162,0.0032265,0.000264,0.0106257,0.0045715,0.0001086,-0.0044161,3.9450098
1998-12-31,0.0245335,0.0032402,0.0080785,0.0132148,0.0049766,-0.0003418,0.0034437,3.8331327
1999-01-31,0.006848,0.0032353,0.0003931,0.0032196,0.0026493,-7.5e-05,-0.0021813,3.9222659
1999-02-28,-0.0249041,0.0032495,-0.0085355,-0.0196181,0.0024347,4.73e-05,-0.0110175,4.0594737
1999-03-31,0.0101681,0.0033864,-0.0007972,0.0075789,0.0027094,-0.0002997,-0.0032069,4.1330324
1999-04-30,0.0245483,0.0033931,0.0043953,0.0167599,0.0027312,0.0002505,0.0014136,4.0677482
1999-05-31,-0.0208987,0.0033469,-0.0058681,-0.0183775,0.0029205,-0.0006207,-0.0081679,4.1532314
1999-06-30,0.0088358,0.0034558,-0.0079182,0.0132982,0.0028378,-0.0004184,-0.0103376,4.3179698
1999-07-31,0.0012371,0.0035207,0.0013453,-0.0036288,0.0030921,-0.0001855,-0.0015613,4.2455328
1999-08-31,0.001154,0.00354,-0.0027317,0.0003457,0.0031081,-8.91e-05,-0.0057507,4.352887
1999-09-30,0.0056259,0.003602,0.0048024,-0.0027785,0.0030457,0.0018533,-9.66e-05,4.3388282
1999-10-31,0.0166027,0.0036093,-0.0025237,0.0155171,0.0031377,-0.0002026,-0.0054588,4.4275838
1999-11-30,0.0260576,0.0036285,0.0060408,0.0163883,0.0031486,-0.0002795,0.0031716,4.3000954
1999-12-31,0.0318048,0.0035557,-0.0014908,0.0297398,0.0033366,-4.53e-05,-0.0047821,4.349805
2000-01-31,-0.0274444,0.0036528,-0.0074182,-0.023679,0.000386,-0.0002835,-0.0075208,4.5192297
2000-02-29,0.0148199,0.00379,0.0036538,0.0073761,0.0003551,0.0003959,0.0029028,4.5252835
2000-03-31,0.0262119,0.0037431,0.0037616,0.0187072,0.0003846,-0.0006783,0.0040553,4.4612383
2000-04-30,-0.0237406,0.0036711,0.0002052,-0.0276169,0.0003799,-1.8e-06,-0.0001729,4.3994785
2000-05-31,-0.028191,0.0037249,-0.0086911,-0.0232248,0.0003787,-0.0001312,-0.0089386,4.6516462
2000-06-30,0.0376336,0.0038604,0.0109654,0.0228078,0.0003669,0.0006108,0.0099877,4.4810909
2000-07-31,-0.0099515,0.0037303,0.0009795,-0.0146613,0.0003784,-0.0004304,0.0010315,4.4608197
2000-08-31,0.0236699,0.0037537,0.0045109,0.0154053,0.0003708,-8.92e-05,0.0042293,4.443908
2000-09-30,-0.0245831,0.0036693,-0.001852,-0.0264004,0.0003656,-3.01e-05,-0.0021875,4.4496616
2000-10-31,-0.0108551,0.0037507,0.0018577,-0.0164635,0.0003675,-0.0003808,0.001871,4.4809952
2000-11-30,-0.0203034,0.0037714,0.0048876,-0.0289624,0.0003471,0.0001166,0.0044239,4.4700347
2000-12-31,0.027379,0.0037979,0.0114919,0.0120892,0.0003404,0.0002092,0.0109423,4.38946
2001-01-31,0.0212029,0.0035196,-0.003263,0.0209463,-0.0054002,-0.0002438,0.0023809,4.2018754
2001-02-28,-0.0293109,0.0034785,-0.0015744,-0.0312149,-0.0048744,-4.4e-05,0.003344,4.1406718
2001-03-31,-0.0259504,0.003526,-0.0019301,-0.0275463,-0.0050383,-0.0002266,0.0033347,4.1837306
2001-04-30,0.0170388,0.0035544,-0.0140381,0.0275225,-0.0045736,0.0001686,-0.0096331,4.4357167
2001-05-31,-0.002736,0.0036093,-0.0076483,0.001303,-0.0049392,0.0001002,-0.0028093,4.3992891
2001-06-30,-0.0037321,0.0036634,-0.0018593,-0.0055362,-0.0047061,0.0001437,0.0027032,4.3589534
2001-07-31,-0.0052486,0.0036591,-0.0021706,-0.0067371,-0.0047052,-0.0001677,0.0027023,4.3621301
2001-08-31,0.0001633,0.003658,0.0013533,-0.004848,-0.0045445,0.0003699,0.0055279,4.3203722
2001-09-30,-0.0338423,0.0036362,-0.0026526,-0.0348259,-0.0041768,0.0005795,0.0009447,4.3745849
2001-10-31,0.0202387,0.0037087,0.0025825,0.0139475,-0.0039623,-0.0004004,0.0069452,4.3510219
2001-11-30,0.0214931,0.0036133,-0.0061208,0.0240006,-0.0038274,-0.0002462,-0.0020472,4.3648254
2001-12-31,-0.0002517,0.0035994,-0.0104821,0.006631,-0.0040605,6.84e-05,-0.00649,4.4274875
2002-01-31,-0.0022161,0.0036531,-0.005586,-0.0002832,-0.008779,0.0001942,0.0029988,4.3395217
2002-02-28,0.0021055,0.0036453,-0.0057264,0.0041866,-0.0075869,0.0005758,0.0012846,4.378695
2002-03-31,0.0069181,0.0036462,-0.0197763,0.0230482,-0.0081645,0.0002501,-0.0118619,4.5946524
2002-04-30,0.0014737,0.0037631,-0.00381,0.0015205,-0.0080531,0.0002446,0.0039986,4.4853749
2002-05-31,0.008539,0.0037539,-0.0069893,0.0117743,-0.00796,0.0006763,0.0002944,4.5185835
2002-06-30,-0.0054041,0.0037546,-0.0016233,-0.0075353,-0.0074917,-0.00032,0.0061884,4.4264431
2002-07-31,-0.0135545,0.0037342,-0.0011653,-0.0161234,-0.0071998,-0.0005365,0.006571,4.4124165
2002-08-31,0.0197682,0.0037323,0.0055632,0.0104726,-0.0065517,0.000268,0.0118469,4.3160185
2002-09-30,-0.0168848,0.0036091,0.0060532,-0.026547,-0.0061165,0.000379,0.0117907,4.1699093
2002-10-31,0.0098921,0.0035303,-0.01481,0.0211719,-0.005654,-0.0002392,-0.0089169,4.4102796
2002-11-30,0.020495,0.0036329,-0.0068991,0.0237612,-0.0056363,7.35e-05,-0.0013363,4.3960005
2002-12-31,0.0065013,0.0036323,0.0023004,0.0005685,-0.0058974,0.0008966,0.0073012,4.2778609
2003-01-31,-0.0012676,0.0035795,0.0012064,-0.0060535,-2.34e-05,0.0010203,0.0002095,4.3005161
2003-02-28,0.0078609,0.0035774,0.0090149,-0.0047313,-2.07e-05,-0.0009015,0.009937,4.1517975
2003-03-31,0.0002592,0.0034747,0.0003563,-0.0035717,-2.23e-05,-0.0004782,0.0008567,4.1509559
2003-04-30,0.0317136,0.0034585,0.0005518,0.0277032,-2.14e-05,2.48e-05,0.0005485,4.1232616
2003-05-31,0.0523938,0.0034056,0.0197886,0.0291996,-2.33e-05,0.0010559,0.0187561,3.7901948
2003-06-30,0.0121815,0.0031397,0.0046093,0.0044326,-2.29e-05,-0.0007459,0.0053781,3.6784345
2003-07-31,-0.0278561,0.0030547,-0.0241143,-0.0067965,-2.39e-05,0.000362,-0.0244523,4.0382256
2003-08-31,0.0049996,0.0033195,-0.0113939,0.0130741,-2.53e-05,0.0005323,-0.011901,4.1984709
2003-09-30,0.0264658,0.0034746,0.0086837,0.0143076,-2.51e-05,0.0004703,0.0082384,4.0519642
2003-10-31,0.0213077,0.0033818,-0.0026396,0.0205655,-2.56e-05,3.5e-06,-0.0026175,4.0863409
2003-11-30,0.0083718,0.0033649,0.0006304,0.0043765,-2.57e-05,0.0004487,0.0002075,4.0368617
2003-12-31,0.0342653,0.0033499,0.0027331,0.0281824,-2.68e-05,0.0006272,0.0021327,3.9978787
2004-01-31,0.0191609,0.0033384,0.0045195,0.0113031,0.0002228,-0.0005187,0.0048154,3.9361186
2004-02-29,0.0158674,0.0032702,0.0046883,0.0079089,0.0002097,-0.0002864,0.0047651,3.8519693
2004-03-31,0.0059187,0.0032023,0.0066822,-0.0039657,0.0002257,0.0009118,0.0055447,3.7576214
2004-04-30,-0.034228,0.0031285,-0.0181665,-0.01919,0.0002178,-0.0011419,-0.0172424,4.0381092
2004-05-31,-0.0071935,0.0033546,-0.008581,-0.0019671,0.0002267,0.0002058,-0.0090134,4.200921
2004-06-30,0.009985,0.0034836,-0.0016409,0.0081423,0.0002221,-3.2e-06,-0.0018599,4.219635
2004-07-31,-0.0025224,0.003497,0.005813,-0.0118324,0.0002326,-0.0001318,0.0057122,4.1040919
2004-08-31,0.0186086,0.0034415,0.009597,0.0055701,0.0002251,0.0005725,0.0087994,3.9973585
2004-09-30,0.0146067,0.0033329,0.0054363,0.0058374,0.0002158,0.0001315,0.0050891,3.9199477
2004-10-31,0.0176608,0.003252,0.0025333,0.0118754,0.0002257,0.0004174,0.0018902,3.8957904
2004-11-30,0.0225612,0.0032312,-0.0017061,0.0210362,0.0002205,0.0007541,-0.0026807,3.931692
2004-12-31,0.024334,0.0032351,0.0030026,0.0180963,0.0002359,-0.0004186,0.0031853,3.8412145
2005-01-31,-0.0012688,0.0032112,0.0023006,-0.0067807,-0.0006303,-0.0004086,0.0033394,3.8006278
2005-02-28,0.0098152,0.0031752,0.0007882,0.0058518,-0.0005604,0.000356,0.0009926,3.7911821
2005-03-31,-0.0144998,0.003137,-0.0083552,-0.0092816,-0.000636,-0.0002566,-0.0074627,3.9004337
2005-04-30,-0.0008275,0.0032467,0.0049126,-0.0089869,-0.0006095,0.0001612,0.0053609,3.8350217
2005-05-31,0.011271,0.0032065,0.0041498,0.0039146,-0.000614,-0.0004734,0.0052373,3.7684981
2005-06-30,0.0103741,0.0031318,0.0054047,0.0018376,-0.0005973,0.0005477,0.0054542,3.6735562
2005-07-31,0.0042462,0.0030549,-0.0075048,0.008696,-0.00062,-0.0002721,-0.0066127,3.7795845
2005-08-31,0.012946,0.0031247,0.0006614,0.0091599,-0.0006413,0.0001613,0.0011414,3.7609858
2005-09-30,0.0066589,0.0031257,-0.0023687,0.0059019,-0.0006195,0.0010587,-0.0028079,3.8189871
2005-10-31,-0.0230746,0.0031538,-0.0096399,-0.0165886,-0.0006538,-2.04e-05,-0.0089656,3.9283895
2005-11-30,0.0121475,0.0032719,-0.0021454,0.011021,-0.0006286,0.0005765,-0.0020933,3.95219
2005-12-31,0.0185147,0.0032693,0.0024868,0.0127586,-0.0006641,0.0005185,0.0026324,3.8921372
2006-01-31,0.0245554,0.0032408,0.001986,0.0193286,-0.0002233,0.001491,0.0007183,3.8911039
2006-02-28,-0.0025969,0.0032057,-0.0032613,-0.0025413,-0.0002073,-0.0003634,-0.0026906,3.889863
2006-03-31,0.0025942,0.0032389,-0.0070376,0.006393,-0.0002298,0.0007268,-0.0075346,4.0028854
2006-04-30,0.0109672,0.0033042,-0.0081247,0.0157877,-0.0002275,0.001401,-0.0092982,4.1254624
2006-05-31,-0.0114541,0.0033993,-0.0020757,-0.0127777,-0.0002409,0.0004156,-0.0022504,4.1340138
2006-06-30,-0.004102,0.0034607,-0.0023569,-0.0052058,-0.0002255,-0.0015111,-0.0006203,4.1743522
2006-07-31,0.0072998,0.0034787,0.0024054,0.0014158,-0.0002332,0.0009639,0.0016747,4.1577094
2006-08-31,0.0232522,0.0034601,0.006578,0.013214,-0.000232,-0.0004157,0.0072258,4.0455962
2006-09-30,0.0092603,0.0033637,0.0041917,0.0017049,-0.0002251,-0.0005349,0.0049517,3.9284811
2006-10-31,0.0163699,0.0032709,-0.000689,0.013788,-0.0002327,-2.22e-05,-0.0004341,3.9274786
2006-11-30,0.023884,0.0032518,0.0064456,0.0141866,-0.0002299,0.000933,0.0057425,3.8259585
2006-12-31,0.0086336,0.0031727,-0.0024913,0.0079522,-0.0002392,-6.78e-05,-0.0021843,3.8513507
2007-01-31,-0.000381,0.0032163,-0.0057171,0.0021197,-0.0010825,0.0002435,-0.004878,3.9366956
2007-02-28,0.0088288,0.0032658,0.0026899,0.0028731,-0.0009869,0.0007454,0.0029314,3.8935935
2007-03-31,0.0121173,0.0032452,4.98e-05,0.0088223,-0.0010787,-0.0003301,0.0014586,3.8833382
2007-04-30,0.01976,0.0032186,-0.0046209,0.0211623,-0.0010533,0.0003431,-0.0039107,3.9333701
2007-05-31,0.0062613,0.0032509,-0.0050001,0.0080104,-0.0011093,-0.0005099,-0.0033809,3.9569001
2007-06-30,-0.0073211,0.0032691,-0.0107951,0.0002049,-0.0010976,-0.0001899,-0.0095075,4.0899783
2007-07-31,-0.0006539,0.003392,0.002942,-0.0069878,-0.0011408,0.0004225,0.0036602,4.0202572
2007-08-31,0.0101757,0.0033456,0.0033889,0.0034412,-0.001125,2.93e-05,0.0044846,3.9550733
2007-09-30,0.0277396,0.0033102,0.0018675,0.0225619,-0.0010646,0.0015427,0.0013894,3.970994
2007-10-31,0.024967,0.0032741,0.0025425,0.0191505,-0.0011225,0.0009932,0.0026718,3.9098449
2007-11-30,-0.0044993,0.0032317,0.0084777,-0.0162087,-0.0011004,0.0002573,0.0093209,3.761578
2007-12-31,-0.0074455,0.0031571,-0.0034203,-0.0071823,-0.0010873,0.0009016,-0.0032346,3.8458417
2008-01-31,-0.0162103,0.0032255,-0.0079125,-0.0115233,-0.0177808,0.0017645,0.0081038,3.7982056
2008-02-29,0.0040186,0.0032017,-0.0164046,0.0172215,-0.0148974,0.0009546,-0.0024618,3.9349152
2008-03-31,0.002433,0.0032602,-0.0136168,0.0127896,-0.0153527,-0.0006947,0.0024306,3.9231182
2008-04-30,0.0258686,0.0032644,-0.0233595,0.0459638,-0.0140426,-0.0015503,-0.0077667,4.0679451
2008-05-31,-0.0067338,0.0033647,-0.0187597,0.0086613,-0.014699,0.0002442,-0.0043048,4.1450759
2008-06-30,-0.0364701,0.0034352,-0.0166502,-0.0232551,-0.0139265,0.0010889,-0.0038126,4.2513704
2008-07-31,-0.0091362,0.0035617,-0.0136153,0.0009174,-0.0132578,-0.0004584,0.0001008,4.3314123
2008-08-31,-0.0075229,0.0036186,-0.0102805,-0.0008609,-0.0125166,-0.0017373,0.0039734,4.3316332
2008-09-30,-0.0747621,0.0036169,-0.0117962,-0.0665828,-0.0116119,0.0012974,-0.0014817,4.4026564
2008-10-31,-0.0904245,0.0036469,-0.0374818,-0.0565896,-0.0109894,-0.0044672,-0.0220252,4.7984533
2008-11-30,-0.0010763,0.0040547,0.0040971,-0.0092281,-0.0092099,0.0021064,0.0112006,4.7250815
2008-12-31,0.0769893,0.0039574,0.0241872,0.0488446,-0.0084365,0.0013097,0.031314,4.251261
2009-01-31,-0.0414111,0.003617,0.0021569,-0.047185,0.0033539,0.0012958,-0.0024929,4.3404423
2009-02-28,-0.0461224,0.0036205,-0.0013107,-0.0484322,0.0028345,0.0006481,-0.0047932,4.4207258
2009-03-31,0.0274583,0.0036593,0.0014114,0.0223876,0.0030063,-0.0006973,-0.0008976,4.4304627
2009-04-30,0.0373594,0.0036699,-0.0020083,0.0356977,0.003134,-0.0007948,-0.0043475,4.4429097
2009-05-31,0.0364902,0.0037105,0.0025583,0.0302213,0.0035677,0.0020263,-0.0030357,4.4651103
2009-06-30,0.0068623,0.0036923,0.0053059,-0.0021359,0.0037302,-0.0007757,0.0023514,4.3714601
2009-07-31,0.0428112,0.0036561,0.0120295,0.0271256,0.0038244,-0.0001103,0.0083153,4.2171613
2009-08-31,0.0162629,0.0035115,0.0132092,-0.0004578,0.0040691,0.0003313,0.0088088,4.0701714
2009-09-30,0.0287868,0.0033784,0.0119084,0.0135001,0.0040485,0.0011342,0.0067258,3.9383574
2009-10-31,-0.0059255,0.0032712,0.004505,-0.0137017,0.0043267,0.0009483,-0.0007699,3.9517432
2009-11-30,0.0297596,0.003286,0.0090503,0.0174233,0.004161,0.0027102,0.0021791,3.9609821
2009-12-31,-0.0094473,0.0032782,-0.0044511,-0.0082745,0.0044673,-0.0015319,-0.0073864,4.0454681
2010-01-31,-0.0137546,0.0032658,0.006167,-0.0231874,0.0044472,-0.000474,0.0021939,3.8781072
2010-02-28,0.0072313,0.0032452,0.0034125,0.0005737,0.0039089,0.0006573,-0.0011537,3.9015138
2010-03-31,0.0193871,0.0032426,0.0032885,0.012856,0.0044501,-6.68e-05,-0.0010947,3.8948167
2010-04-30,0.0070281,0.003229,0.0074866,-0.0036875,0.0045558,0.001393,0.0015378,3.8519132
2010-05-31,-0.0310224,0.0032085,0.016825,-0.0510559,0.004732,0.0008256,0.0112674,3.6683936
2010-06-30,0.0049388,0.0030635,0.0090591,-0.0071838,0.0043442,0.0005856,0.0041294,3.6069877
2010-07-31,0.0401477,0.0030178,0.0080323,0.0290976,0.0043727,-0.0016605,0.0053202,3.5293695
2010-08-31,0.0059168,0.0029295,0.0196294,-0.0166421,0.004664,0.0013608,0.0136046,3.3048522
2010-09-30,0.0340452,0.0027552,0.0065212,0.0247687,0.0043614,0.0015955,0.0005643,3.2934546
2010-10-31,0.0198425,0.0027216,0.0038388,0.0132822,0.0048586,0.0005232,-0.001543,3.2832359
2010-11-30,-0.0183825,0.0027189,-0.0039685,-0.017133,0.0048588,0.0007585,-0.0095858,3.3907939
2010-12-31,0.0132922,0.0028191,-0.0065289,0.017002,0.0050835,0.0007131,-0.0123254,3.5594078
2011-01-31,0.0021495,0.0028879,-0.0082416,0.0075031,-0.0039813,-0.001638,-0.0026223,3.5192338
2011-02-28,0.0158694,0.0029299,-0.00586,0.0187995,-0.0035861,0.0015358,-0.0038097,3.6017939
2011-03-31,0.0005757,0.0029861,-0.001365,-0.0010454,-0.0039847,0.00043,0.0021897,3.5706259
2011-04-30,0.0285663,0.0029695,-0.0007955,0.0263923,-0.0037776,0.0019693,0.0010127,3.5790134
2011-05-31,0.0036454,0.002967,0.0052726,-0.0045943,-0.0039319,0.0001186,0.009086,3.4497516
2011-06-30,-0.0070123,0.0028764,-0.0036609,-0.0062277,-0.0036761,-0.0005776,0.0005928,3.4553063
2011-07-31,0.0063496,0.0028775,0.0027138,0.0007584,-0.003717,0.0020305,0.0044002,3.4158672
2011-08-31,-0.0050254,0.0028478,0.0199172,-0.0277904,-0.0035696,0.0039365,0.0195503,3.1515579
2011-09-30,-0.0359145,0.0026106,0.0013869,-0.039912,-0.003182,-0.0041359,0.0087048,3.0287346
2011-10-31,0.0375643,0.0025326,-0.0064132,0.0414449,-0.0030202,0.0017821,-0.0051752,3.1066482
2011-11-30,-0.0127629,0.002589,7.87e-05,-0.0154306,-0.003101,-0.0002784,0.0034581,3.055917
2011-12-31,0.0056306,0.002535,-0.0037923,0.0068879,-0.003175,-0.0027021,0.0020848,3.0313245
2012-01-31,0.0270097,0.0025265,0.0040405,0.0204428,-0.0021092,0.0033693,0.0027803,3.0032594
2012-02-29,0.0218699,0.0024935,-0.000365,0.0197414,-0.0020121,0.0010393,0.0006078,2.9865502
2012-03-31,-0.0074504,0.0024863,-0.0098255,-0.0001112,-0.0021936,-0.0027228,-0.0049091,3.0574261
2012-04-30,0.004829,0.0025495,0.0022143,6.51e-05,-0.002148,3.63e-05,0.0043259,3.0074235
2012-05-31,-0.0255747,0.0025033,0.0046358,-0.0327138,-0.0021689,-0.002023,0.0088278,2.8856113
2012-06-30,0.0178128,0.0023989,0.0002893,0.0151246,-0.0019405,4.24e-05,0.0021874,2.8503638
2012-07-31,0.0156776,0.0023811,0.0058723,0.0074242,-0.002056,0.0010914,0.0068368,2.7628619
2012-08-31,0.0107148,0.002305,-0.0033549,0.0117647,-0.002027,0.0007105,-0.0020384,2.8129816
2012-09-30,0.0177268,0.0023404,0.0008093,0.0145771,-0.0019816,0.0024132,0.0003777,2.8152107
2012-10-31,-0.0001323,0.0023381,-0.0007284,-0.0017419,-0.0020527,-0.0012791,0.0026034,2.7744165
2012-11-30,0.003258,0.0023157,0.0007787,0.0001636,-0.0019638,0.0002038,0.0025387,2.7478296
2012-12-31,0.0059773,0.0022867,-0.0075886,0.0112792,-0.0020417,-0.0013016,-0.0042452,2.815034
2013-01-31,0.0021411,0.0023285,-0.0010244,0.0008369,0.0048584,0.0002183,-0.006101,2.8638863
2013-02-28,-0.0014832,0.0023852,0.0019487,-0.0058171,0.0046088,-0.0017824,-0.0008777,2.8828846
2013-03-31,0.0050887,0.0024084,0.0074643,-0.004784,0.0051794,0.0002388,0.0020461,2.8457609
2013-04-30,0.0157866,0.0023686,0.0096807,0.0037373,0.0051555,-0.0028054,0.0073306,2.7148681
2013-05-31,-0.0227309,0.0022718,-0.0063146,-0.0186882,0.0054764,-0.0013034,-0.0104875,2.8545352
2013-06-30,-0.0259571,0.0023755,-0.0143972,-0.0139353,0.0054859,-0.004674,-0.0152092,3.068642
2013-07-31,0.0180577,0.0025568,0.0049939,0.010507,0.0057572,0.0026113,-0.0033746,3.1132649
2013-08-31,-0.0104574,0.0025857,0.001622,-0.0146652,0.006011,0.0012602,-0.0056492,3.1648814
2013-09-30,0.0236409,0.002628,0.0040478,0.0169652,0.0058384,-0.0012376,-0.000553,3.1477192
2013-10-31,0.0251248,0.0026172,0.0115143,0.0109934,0.006323,-4.16e-05,0.0052328,3.0464419
2013-11-30,-0.0007007,0.0025336,0.0014208,-0.004655,0.0063091,-0.0018547,-0.0030337,3.0796197
2013-12-31,0.002202,0.0025656,0.0012695,-0.0016331,0.0067406,-0.0009027,-0.0045684,3.1276982
2014-01-31,-0.0070319,0.0025992,0.0097574,-0.0193884,0.0015739,0.0009079,0.0072755,3.0223324
2014-02-28,0.0275319,0.0025231,0.006021,0.0189878,0.0013708,0.001629,0.0030212,2.9752683
2014-03-31,0.0021714,0.0024681,0.0011023,-0.001399,0.0015596,-0.0006883,0.0002311,2.9677296
2014-04-30,0.0100727,0.0024702,0.0052132,0.0023893,0.0015209,-4.02e-05,0.0037325,2.9172488
2014-05-31,0.0162038,0.0024291,0.0063899,0.0073847,0.001581,-0.0007671,0.0055761,2.8421381
2014-06-30,0.0081645,0.0023679,0.0015633,0.0042332,0.0015421,0.0011282,-0.001107,2.8593495
2014-07-31,-0.0061776,0.0023747,0.0030126,-0.0115649,0.0016161,-0.0003518,0.0017483,2.8209282
2014-08-31,0.0165888,0.0023468,0.0063473,0.0078946,0.0016096,-0.0001813,0.0049191,2.7489767
2014-09-30,-0.0256316,0.0022912,-0.0033751,-0.0245477,0.0015782,-0.0014997,-0.0034536,2.7980605
2014-10-31,0.0093319,0.002335,0.0068755,0.0001214,0.0016246,-0.0007355,0.0059864,2.7154398
2014-11-30,0.0041109,0.002264,0.0032249,-0.001378,0.0015832,0.0002186,0.0014231,2.7002243
2014-12-31,-0.0098498,0.0022498,0.0052697,-0.0173693,0.0016588,0.000285,0.0033258,2.6425176
2015-01-31,0.008051,0.0021771,0.0135304,-0.0076566,-0.0011227,0.0013273,0.0133258,2.4185828
2015-02-28,0.0132671,0.0020163,-0.0072463,0.0184971,-0.00099,-0.0012601,-0.0049962,2.4935366
2015-03-31,-0.0096299,0.0020789,-0.0016355,-0.0100733,-0.0011381,-0.0005404,4.3e-05,2.5054959
2015-04-30,0.0113431,0.0020909,0.0009856,0.0082666,-0.0010928,0.0005196,0.0015588,2.4846331
2015-05-31,-0.0049476,0.0020632,-0.0130826,0.0060718,-0.0011453,-0.0002897,-0.0116476,2.6571039
2015-06-30,-0.021713,0.0022114,-0.0096985,-0.0142258,-0.0011108,-0.0003228,-0.0082649,2.778552
2015-07-31,0.0046855,0.0023136,-0.0012374,0.0036092,-0.0011396,-0.0021073,0.0020096,2.7639869
2015-08-31,-0.0276386,0.0023047,0.0017001,-0.0316435,-0.0011405,0.0009432,0.0018975,2.7458524
2015-09-30,-0.0089379,0.0022847,-0.0013666,-0.009856,-0.0010545,-6.54e-05,-0.0002466,2.7558508
2015-10-31,0.0328816,0.0022949,0.000752,0.0298347,-0.0010588,0.0005487,0.0012621,2.7423268
2015-11-30,-0.0100727,0.0022776,-0.0063568,-0.0059935,-0.0010645,-0.0020414,-0.0032509,2.798395
2015-12-31,-0.0109783,0.0023376,-0.0008949,-0.012421,-0.0011022,0.0001413,6.6e-05,2.81265
2016-01-31,-0.0123165,0.0023396,0.0047135,-0.0193696,-0.0019157,0.0011174,0.0055119,2.7665767
2016-02-29,0.010473,0.0022971,0.0078527,0.0003231,-0.0017099,0.0026312,0.0069315,2.6666588
2016-03-31,0.0365353,0.0022072,0.0007969,0.0335312,-0.0017777,-1.24e-05,0.0025871,2.612371
2016-04-30,0.0135765,0.0021827,0.0037793,0.0076145,-0.0017726,0.0008777,0.0046743,2.5501594
2016-05-31,-0.0006113,0.0021229,-0.0027189,-1.53e-05,-0.0018224,-0.0014129,0.0005164,2.5433054
2016-06-30,0.0175997,0.0021175,0.008929,0.0065532,-0.0017621,0.0021978,0.0084934,2.4396374
2016-07-31,0.0176327,0.0020276,0.0056388,0.0099663,-0.0017797,0.000326,0.0070925,2.3293612
2016-08-31,0.0033638,0.0019445,-0.0044206,0.0058399,-0.0018058,-0.0003778,-0.002237,2.3727606
2016-09-30,0.0030447,0.0019763,-0.0033391,0.0044075,-0.0017394,0.0002772,-0.001877,2.4180841
2016-10-31,-0.0203879,0.0020135,-0.0085208,-0.0138806,-0.0018003,-0.0011321,-0.0055884,2.4962057
2016-11-30,-0.0194061,0.0020842,-0.0186534,-0.002837,-0.0017359,-0.0018949,-0.0150225,2.7112004
2016-12-31,0.0029415,0.0022627,-0.0074202,0.0080991,-0.0018393,-0.0006156,-0.0049654,2.8076908
2017-01-31,0.0141705,0.0023329,0.0064127,0.0054249,0.0031274,0.0008745,0.0024108,2.7610947
2017-02-28,0.0168867,0.0022949,0.0046672,0.0099246,0.0028879,0.0011476,0.0006317,2.7492385
2017-03-31,0.0041681,0.0022863,0.0013614,0.0005203,0.0032475,-0.0002224,-0.0016636,2.7567101
2017-04-30,0.0151482,0.0022937,0.0084639,0.0043906,0.0031972,0.0005109,0.0047558,2.675329
2017-05-31,0.0138359,0.0022235,0.0040191,0.0075933,0.0033333,-3.73e-05,0.0007231,2.6476728
2017-06-30,0.0047048,0.0022047,0.0052029,-0.0027028,0.0032782,-0.0004353,0.00236,2.5926556
2017-07-31,0.0140906,0.0021573,0.0019367,0.0099965,0.0034261,0.0004786,-0.0019679,2.6099075
2017-08-31,0.0109563,0.0021724,0.0086097,0.0001742,0.0034997,0.000801,0.0043091,2.5498063
2017-09-30,0.0056053,0.0021167,0.0004078,0.0030808,0.0033914,-0.0003872,-0.0025964,2.5679169
2017-10-31,0.0060347,0.0021383,0.0020343,0.0018622,0.0035803,-0.0002558,-0.0012902,2.5744114
2017-11-30,0.0089786,0.0021452,0.0047122,0.0021212,0.0035479,0.0001557,0.0010086,2.5583847
2017-12-31,0.010647,0.0021262,0.005096,0.0034248,0.0037385,0.0002851,0.0010724,2.5299707
2018-01-31,0.0210282,0.0021194,-0.0046557,0.0235645,-0.0001368,0.0009272,-0.0054462,2.6136223
2018-02-28,-0.0259412,0.002165,-0.0075019,-0.0206042,-0.0001278,-0.0004587,-0.0069154,2.7073461
2018-03-31,-0.001784,0.0022535,0.000351,-0.0043885,-0.0001387,7.28e-05,0.0004169,2.7147277
2018-04-30,-0.0041934,0.0022602,-0.0022073,-0.0042462,-0.0001324,-0.0001556,-0.0019194,2.7421537
2018-05-31,-0.0003107,0.0022787,-0.0024706,-0.0001189,-0.0001379,-0.0002609,-0.0020717,2.7842694
2018-06-30,-0.0059864,0.0023212,-0.0009938,-0.0073138,-0.0001341,-0.0011013,0.0002416,2.7852006
2018-07-31,0.0146272,0.0023205,-0.0006001,0.0129068,-0.0001385,-0.0006507,0.0001891,2.7820565
2018-08-31,0.0019645,0.0023182,-0.0002759,-7.78e-05,-0.0001406,-0.0002507,0.0001154,2.7795376
2018-09-30,0.0007831,0.0023127,-0.0045804,0.0030508,-0.0001367,-0.0004753,-0.0039683,2.8294946
2018-10-31,-0.0412394,0.0023566,-0.0043674,-0.0392286,-0.000142,0.0006791,-0.0049045,2.9088747
2018-11-30,0.0077001,0.0024286,5.29e-05,0.0052185,-0.0001325,5.77e-05,0.0001278,2.9219917
2018-12-31,-0.0201174,0.0024262,0.0081735,-0.0307171,-0.000138,0.0012439,0.0070676,2.8174925
2019-01-31,0.0441871,0.0023719,0.0009007,0.0409145,-0.0022829,0.0008526,0.002331,2.8121693
2019-02-28,0.0091037,0.0023397,0.0003817,0.0063822,-0.0021197,5.98e-05,0.0024416,2.7730311
2019-03-31,0.0169339,0.0023055,0.0025251,0.0121032,-0.0023698,-0.0006986,0.0055935,2.7120896
2019-04-30,0.0134883,0.0022624,-0.0011865,0.0124123,-0.0022774,-0.0001189,0.0012098,2.7002692
2019-05-31,-0.0169598,0.0022471,0.0029261,-0.022133,-0.0023878,0.0002107,0.0051032,2.6389137
2019-06-30,0.0415709,0.002199,0.0076794,0.0316925,-0.0021952,0.0022253,0.0076493,2.5351061
2019-07-31,0.0022594,0.0021079,0.0017961,-0.0016445,-0.0023044,0.0003281,0.0037723,2.4839345
2019-08-31,0.009692,0.0020672,0.0141313,-0.0065064,-0.0022878,0.0017638,0.0146552,2.2866281
2019-09-30,0.0033647,0.0018966,-0.0059831,0.0074511,-0.0021324,-0.0007418,-0.0031089,2.3219114
2019-10-31,0.0118089,0.0019369,-0.0028565,0.0127285,-0.0022331,0.00035,-0.0009735,2.3428286
2019-11-30,0.0069512,0.0019527,-0.0060531,0.0110517,-0.0021822,-0.0009425,-0.0029284,2.3942418
2019-12-31,0.016737,0.0019989,-0.0020992,0.0168374,-0.0022793,0.0011984,-0.0010184,2.4168987
2020-01-31,0.0054934,0.0019875,0.0137693,-0.0102635,0.006007,0.0011353,0.0066271,2.2960047
2020-02-29,-0.0232298,0.0019073,0.0152058,-0.0403429,0.0055886,0.000892,0.0087252,2.1599952
2020-03-31,-0.0691969,0.001785,0.0011359,-0.0721178,0.0057402,-0.0004446,-0.0041597,2.1991012
2020-04-30,0.0482935,0.0017829,0.0150769,0.0314337,0.0052335,0.0023634,0.0074801,1.984094
2020-05-31,0.0272341,0.0016726,0.0079166,0.0176449,0.0057472,0.0001845,0.0019849,1.963159
2020-06-30,0.0193251,0.001648,0.0106394,0.0070377,0.0057777,0.0008994,0.0039623,1.9130054
2020-07-31,0.0369742,0.0015961,0.0184009,0.0169772,0.0061247,0.0038301,0.008446,1.7861718
2020-08-31,0.0209164,0.0014914,0.0040338,0.0153912,0.0063215,-0.0003621,-0.0019257,1.8046083
2020-09-30,-0.0148382,0.0015062,0.0040271,-0.0203714,0.0064571,-0.0013821,-0.0010479,1.8165912
2020-10-31,-0.0112144,0.0015084,0.0036165,-0.0163393,0.0066828,-0.0001447,-0.0029216,1.8322807
2020-11-30,0.0532143,0.001524,0.0067159,0.0449744,0.0065039,-0.0020529,0.0022649,1.7820747
2020-12-31,0.0249425,0.0015051,0.010725,0.0127125,0.0072458,0.002101,0.0013781,1.7708303
2021-01-31,-0.0074317,0.0014715,-0.0006839,-0.0082192,0.0043142,-0.0006893,-0.0043089,1.8168675
2021-02-28,-0.0033607,0.0015114,-0.0048657,-6.4e-06,0.0054281,-0.0016062,-0.0086876,1.9220479
2021-03-31,0.0022339,0.0016042,-0.003908,0.0045377,0.0070868,-0.0014656,-0.0095292,2.0670096
2021-04-30,0.0245036,0.0017256,0.0143016,0.0084763,0.0099727,0.0014595,0.0028694,2.0386815
2021-05-31,0.0112978,0.0016959,0.0105896,-0.0009877,0.0090366,0.0020899,-0.0005369,2.0428838
2021-06-30,0.0084477,0.001697,-0.0016983,0.0084491,-0.0036269,-0.0024149,0.0043435,1.9912391
2021-07-31,0.0102845,0.001665,0.0154313,-0.0068118,0.0075124,0.0011842,0.0067347,1.8934811
2021-08-31,0.009645,0.001576,0.0104366,-0.0023676,0.0106964,-0.0002376,-2.22e-05,1.8712984
2021-09-30,-0.0287726,0.0015581,-0.0081513,-0.0221794,-0.0035235,-0.0014339,-0.0031939,1.9154319
2021-10-31,0.022774,0.0015975,0.0167404,0.004436,0.0198548,0.0011095,-0.0042239,1.9597295
2021-11-30,-0.0119781,0.0016307,0.0029466,-0.0165554,0.0004162,2.2e-05,0.0025084,1.939845
2021-12-31,0.0185753,0.0016153,-0.0713406,0.0883006,-0.0710024,0.0003826,-0.0007209,2.0924232
2022-01-31,-0.0359721,0.0017308,-0.0287454,-0.0089575,-0.0181305,-0.0005024,-0.0101125,2.2609035
2022-02-28,-0.0214151,0.0018805,-0.0183692,-0.0049264,-0.0119908,0.0019139,-0.0082923,2.4166364
2022-03-31,-0.0062751,0.0020064,-0.0020778,-0.0062037,0.0073528,0.0003701,-0.0098007,2.5402893
2022-04-30,-0.068618,0.0021092,-0.0479697,-0.0227575,-0.0331738,-0.0001561,-0.0146399,2.8037902
2022-05-31,0.0009641,0.0023361,-0.0074131,0.0060412,0.0017426,-0.0011963,-0.0079594,2.9365757
2022-06-30,-0.0572087,0.0024541,-0.0713621,0.0116993,-0.0632509,-0.0007947,-0.0073165,3.2147089
2022-07-31,0.0443001,0.0026804,0.0326417,0.0089781,0.0265309,-0.0011329,0.0072437,3.0472275
2022-08-31,-0.0369055,0.0025437,-0.0226428,-0.0168064,-0.0177257,-0.0009196,-0.0039976,3.1414748
2022-09-30,-0.0798459,0.0026102,-0.0607162,-0.0217399,-0.0392656,-0.0008122,-0.0206383,3.5363111
2022-10-31,0.020387,0.0029507,0.0100318,0.0074045,0.0240948,-0.000751,-0.013312,3.6824681
2022-11-30,0.0669187,0.0030463,0.0426619,0.0212105,0.0323608,0.0025044,0.0077967,3.4550317
2022-12-31,-0.0220188,0.0028643,0.0803325,-0.1052156,0.0741151,0.0010435,0.005174,3.1505187
2023-01-31,0.0516356,0.0027058,0.0305857,0.0183441,0.0250172,0.001654,0.0039144,3.1446417
2023-02-28,-0.0327782,0.0026045,-0.0203009,-0.0150818,-0.0118795,-0.0016905,-0.0067309,3.2414038
2023-03-31,0.031148,0.0026986,0.0178972,0.0105522,0.011522,0.0028896,0.0034856,3.165398
2023-04-30,0.0106714,0.0026276,0.0085029,-0.0004591,0.0054563,6.77e-05,0.0029789,3.094414
2023-05-31,-0.0134112,0.0025698,-0.0103751,-0.0056059,-0.0037083,-0.0004099,-0.006257,3.1748297
2023-06-30,0.0232432,0.0026398,-0.0108947,0.0314981,-0.0075112,-0.0009801,-0.0024035,3.1997121
2023-07-31,0.0170415,0.0026473,0.010973,0.0034213,0.012914,0.0008733,-0.0028143,3.1950178
2023-08-31,-0.0208547,0.0026425,-0.0176962,-0.005801,-0.01098,-0.0001905,-0.0065257,3.3110542
2023-09-30,-0.0382729,0.0027632,-0.0252718,-0.0157642,-0.0162388,-0.0012643,-0.0077687,3.4636795
2023-10-31,-0.0210818,0.0028878,-0.0192716,-0.004698,-0.0095713,0.002165,-0.0118653,3.6727251
2023-11-30,0.0676682,0.0030491,0.0442586,0.0203605,0.0313151,0.0007226,0.0122208,3.416256
2023-12-31,0.0456913,0.0028348,-0.0292472,0.0721036,-0.0466423,0.0004136,0.0169816,3.2466313
2024-01-31,-0.0030474,0.0027239,-0.0023754,-0.0033959,0.0009679,-0.0004186,-0.0029247,3.3078119
2024-02-29,0.010104,0.0027503,0.0101025,-0.0027488,0.0155622,-8.7e-05,-0.0053728,3.3499996
2024-03-31,0.0228639,0.0027629,0.0154763,0.0046248,0.0116515,0.0028185,0.0010063,3.2892038
2024-04-30,-0.0305632,0.0027222,-0.0217477,-0.0115377,-0.0132438,0.0017347,-0.0102386,3.4467908
2024-05-31,0.0274874,0.002863,0.0180502,0.0065742,0.0162875,0.0004746,0.0012881,3.3847957
2024-06-30,0.0116743,0.0028057,0.0111089,-0.0022402,0.0078294,-0.0002538,0.0035333,3.2957066
2024-07-31,0.0195723,0.0027362,0.0097305,0.0071056,0.0056557,0.0014744,0.0026004,3.2442906
2024-08-31,0.0272103,0.0027024,0.018474,0.006034,0.0090615,0.0016401,0.0077723,3.1047152
2024-09-30,0.0207065,0.0025773,0.0143769,0.0037523,0.0079303,0.0019174,0.0045292,3.0068679
2024-10-31,-0.024166,0.0024971,-0.0149542,-0.0117089,-0.0077195,0.0019276,-0.0091623,3.1520557
2024-11-30,0.0178394,0.0026115,0.0092695,0.0059584,0.0144597,-0.0018395,-0.0033507,3.171236
2024-12-31,-0.0228817,0.0026341,-0.0375521,0.0120364,-0.033442,-0.00083,-0.0032802,3.2781368
2025-01-31,0.0145466,0.0027415,0.0074248,0.0043803,0.0111002,0.002805,-0.0064804,3.377171
2025-02-28,0.0123297,0.0027909,0.0057412,0.0037977,-0.0010829,0.0010927,0.0057315,3.2697412
2025-03-31,-0.0114172,0.002731,-0.0108825,-0.0032657,-0.0134687,0.0038731,-0.0012869,3.3136289
2025-04-30,0.0122106,0.002759,0.0033437,0.0061079,0.0018074,0.0025288,-0.0009926,3.3402871
2025-05-31,0.0222305,0.002768,0.0147231,0.0047394,0.0192224,0.0001443,-0.0046436,3.355131
2025-06-30,0.0306463,0.0027655,0.0128623,0.0150185,0.0093845,-0.0002496,0.0037274,3.2569289
2025-07-31,0.0026867,0.0026999,0.0025689,-0.002582,0.0037965,0.0004358,-0.0016634,3.2562056
2025-08-31,0.017964,0.002702,0.0135535,0.0017085,0.0095782,0.0014657,0.0025095,3.1932058
2025-09-30,0.0271983,0.0026472,0.0209911,0.0035599,0.0128422,0.0054766,0.0026724,3.113728
2025-10-31,0.0142727,0.0025677,0.0131518,-0.0014468,0.0082593,0.0028422,0.0020503,3.0372384
2025-11-30,0.0028015,0.0025117,0.0005404,-0.0002506,0.0001555,0.0019994,-0.0016144,3.044907
2025-12-31,0.0037242,0.0025318,-0.0309432,0.0321356,-0.0294586,0.0020265,-0.0035111,3.1427732
2026-01-31,0.023442,0.0026133,0.018548,0.0022807,0.0101958,0.0095479,-0.0011957,3.1322403
2026-02-28,0.0158203,0.0025682,0.0103179,0.0029342,0.0046866,0.0014666,0.0041647,3.0234407
2026-03-31,-0.0498736,0.0025146,-0.0397905,-0.0125977,-0.0230696,-0.0087118,-0.0080091,3.1956128
2026-04-30,0.0434743,0.0026958,0.0321077,0.0086708,0.0327255,0.0009882,-0.0016061,3.2066479
2026-05-31,0.0216271,0.002622,0.0126391,0.0063659,0.0168184,-0.0013425,-0.0028368,3.1732853
2026-06-30,-0.0087956,0.0026222,-0.017944,0.0065262,-0.0121934,-0.0070143,0.0012637,3.1412479
