,usd_per_hour,reinvested_hours,spent_value_hours,dist_12m_hours,dist_12m_usd_idx,dist_12m_real_idx,dist_12m_hours_idx
1975-12-31,1.8915,10000.0,10000.0,,,,
1976-01-31,1.8974,10297.1792,10234.5287,,,,
1976-02-29,1.9098,10376.0165,10251.0962,,,,
1976-03-31,1.9081,10484.8088,10296.9878,,,,
1976-04-30,1.9208,10494.3498,10245.2967,,,,
1976-05-31,1.9365,10326.6915,10022.1739,,,,
1976-06-30,1.9506,10339.559,9974.6385,,,,
1976-07-31,1.974,10219.5369,9799.7116,,,,
1976-08-31,1.9976,10206.0093,9727.6491,,,,
1976-09-30,2.0063,10362.9847,9817.9633,,,,
1976-10-31,2.0217,10296.2084,9696.8897,,,,
1976-11-30,2.0294,10455.4469,9788.3275,,,,
1976-12-31,2.0538,10731.9735,9988.6814,709.4432,100.0,100.0,100.0
1977-01-31,2.0741,10556.9739,9770.6279,705.8182,100.2231,99.8038,99.489
1977-02-28,2.0892,10541.5731,9700.6668,701.0652,100.2923,99.3848,98.8191
1977-03-31,2.1095,10536.7355,9640.7756,695.1793,100.2842,98.8639,97.9894
1977-04-30,2.134,10531.2901,9580.8228,689.3192,100.312,98.341,97.1634
1977-05-31,2.1521,10491.0002,9489.7117,682.7383,100.2401,97.7332,96.2358
1977-06-30,2.1741,10579.7191,9515.2351,676.3629,100.2118,97.1753,95.3372
1977-07-31,2.2065,10464.2203,9357.8112,671.1153,100.373,96.8008,94.5975
1977-08-31,2.2165,10525.8632,9358.7621,666.6053,100.5681,96.4685,93.9618
1977-09-30,2.2276,10621.704,9389.96,662.1077,100.7689,96.1577,93.3278
1977-10-31,2.2677,10447.5486,9183.4497,657.4206,101.032,95.9033,92.6671
1977-11-30,2.3064,10366.5248,9059.8344,653.419,101.4937,95.8199,92.1031
1977-12-31,2.3527,10297.015,8947.0186,650.2838,102.155,95.9251,91.6612
1978-01-31,2.3945,10088.3832,8714.3199,646.3805,102.7841,95.9759,91.111
1978-02-28,2.4219,10035.0969,8616.7887,642.1699,103.388,96.0489,90.5174
1978-03-31,2.4555,10038.7147,8568.5138,638.3041,104.0767,96.1893,89.9725
1978-04-30,2.4856,9967.831,8457.086,635.1843,104.8976,96.4367,89.5328
1978-05-31,2.4798,10010.1181,8441.6615,633.0853,105.8038,96.7068,89.2369
1978-06-30,2.5298,9847.1612,8253.6919,630.4963,106.7082,96.9516,88.872
1978-07-31,2.597,9899.51,8246.5157,626.1522,107.4174,96.9917,88.2597
1978-08-31,2.6636,9904.4284,8200.2802,621.3895,108.2259,97.1121,87.5883
1978-09-30,2.6966,9903.0856,8149.7772,617.2805,109.2291,97.3509,87.0092
1978-10-31,2.7794,9658.2583,7900.3612,612.8939,110.3152,97.6142,86.3908
1978-11-30,2.7544,9461.341,7691.9091,609.8931,111.4111,97.888,85.9679
1978-12-31,2.7763,9563.0966,7725.7842,606.4391,112.315,97.9796,85.481
1979-01-31,2.8156,9568.1336,7680.2509,603.0549,113.2214,98.038,85.004
1979-02-28,2.8309,9531.6762,7602.0448,600.9379,114.3096,98.2055,84.7056
1979-03-31,2.847,9627.6709,7629.2507,598.1649,115.1847,98.1636,84.3147
1979-04-30,2.8451,9676.0556,7618.6053,595.9403,116.0584,98.0921,84.0011
1979-05-31,2.8571,9712.2239,7598.095,592.6288,116.796,97.8863,83.5344
1979-06-30,2.8895,9778.5741,7601.3113,589.2157,117.4114,97.5591,83.0533
1979-07-31,2.9619,9731.0596,7516.4935,586.7018,118.1823,97.331,82.6989
1979-08-31,2.9858,9812.2961,7531.3295,585.7037,119.0968,97.1848,82.5582
1979-09-30,3.017,9968.2551,7602.7802,584.3504,119.9375,96.9608,82.3675
1979-10-31,3.0251,9378.2405,7108.1588,586.3312,121.2309,97.0468,82.6467
1979-11-30,3.0299,9448.6273,7113.6475,585.7069,122.0746,96.7555,82.5587
1979-12-31,3.0776,9751.1236,7292.0635,584.1605,122.7908,96.3297,82.3407
1980-01-31,3.1146,10053.4352,7468.3924,584.369,123.8934,96.1278,82.3701
1980-02-29,3.1099,9560.5857,7056.0469,588.4011,125.7854,96.4628,82.9384
1980-03-31,3.0682,8905.0676,6526.2433,591.8246,127.3088,96.5174,83.421
1980-04-30,3.0842,9463.8644,6883.6925,588.4438,127.4059,95.554,82.9445
1980-05-31,3.2059,9747.8818,7040.2257,583.6305,127.5259,94.6279,82.266
1980-06-30,3.2785,10192.9002,7312.2049,581.1694,128.2824,94.1737,81.9191
1980-07-31,3.3185,10022.8968,7144.363,581.1949,129.4994,94.1008,81.9227
1980-08-31,3.3176,9920.3345,7024.9811,582.5645,130.9631,94.1991,82.1157
1980-09-30,3.3695,9854.1844,6931.2003,582.6821,132.2043,94.1419,82.1323
1980-10-31,3.3844,9717.2895,6788.5402,580.1295,132.8993,93.6694,81.7725
1980-11-30,3.3555,9768.2636,6776.715,580.4099,134.1093,93.5809,81.812
1980-12-31,3.3533,9630.9199,6634.2712,581.6432,135.3429,93.5423,81.9859
1981-01-31,3.3844,9403.8637,6429.4114,581.768,136.3303,93.3362,82.0035
1981-02-28,3.3163,9376.6155,6361.5118,580.8766,136.9128,92.8311,81.8778
1981-03-31,3.3371,9588.0067,6453.3502,579.2826,137.5334,92.4502,81.6531
1981-04-30,3.3112,9478.707,6329.6931,586.6586,140.0317,93.3889,82.6928
1981-05-31,3.2489,9526.6068,6310.0114,596.3193,142.4188,94.272,84.0545
1981-06-30,3.2041,9641.7496,6333.5114,604.0453,143.9518,94.5851,85.1436
1981-07-31,3.1691,9515.3662,6198.1629,612.7177,145.4152,94.7397,86.366
1981-08-31,3.1518,9479.3307,6121.2178,619.4844,146.3596,94.5411,87.3198
1981-09-30,3.2402,9009.4943,5766.4049,626.0138,147.4309,94.4169,88.2402
1981-10-31,3.2843,9215.4344,5844.0845,629.3068,147.8585,93.9413,88.7043
1981-11-30,3.3372,9759.7788,6133.3249,629.3709,147.8091,93.2229,88.7134
1981-12-31,3.3529,9625.1061,5996.6441,634.7599,149.1033,93.3753,89.473
1982-01-31,3.3459,9464.7356,5843.5712,641.4022,150.5599,93.6544,90.4092
1982-02-28,3.2946,9512.2092,5818.5497,643.8262,151.0505,93.3749,90.7509
1982-03-31,3.2526,9733.5458,5898.2054,648.0982,151.7415,93.2913,91.3531
1982-04-30,3.2514,10080.5114,6051.1585,650.1923,152.0011,92.9451,91.6483
1982-05-31,3.3207,9988.0668,5940.4935,650.7417,152.4092,92.6724,91.7257
1982-06-30,3.2415,9922.4304,5846.8881,656.2202,153.8249,92.9886,92.4979
1982-07-31,3.2102,10282.8967,6001.3214,656.0991,153.9621,92.5811,92.4809
1982-08-31,3.1743,11191.2871,6470.1191,654.9594,153.7931,92.043,92.3202
1982-09-30,3.1898,11653.1303,6677.3904,654.9305,153.5891,91.5587,92.3161
1982-10-31,3.1784,12533.8479,7120.7883,657.3418,153.7458,91.2938,92.656
1982-11-30,3.1869,12895.7441,7267.5801,664.5227,154.8558,91.6317,93.6682
1982-12-31,3.2517,13035.2022,7288.2929,666.4933,154.9235,91.3818,93.946
1983-01-31,3.2734,13235.4433,7345.7207,664.1756,154.0869,90.6045,93.6193
1983-02-28,3.2547,13285.2621,7319.4735,662.8982,153.6307,90.0756,93.4392
1983-03-31,3.2394,13620.6234,7449.1632,662.1975,153.4163,89.6857,93.3404
1983-04-30,3.2351,14181.0277,7699.1549,660.5163,152.9618,89.1264,93.1035
1983-05-31,3.2544,14140.4153,7622.63,661.1921,152.861,88.8127,93.1987
1983-06-30,3.234,14181.7469,7590.2679,658.7071,152.2532,88.2716,92.8485
1983-07-31,3.2368,13958.5444,7416.8114,659.5451,152.5545,88.2702,92.9666
1983-08-31,3.2156,13938.2649,7351.1949,661.3935,153.1431,88.4306,93.2271
1983-09-30,3.2372,14142.516,7402.9517,661.0169,153.2413,88.2906,93.174
1983-10-31,3.2834,13989.1717,7268.5529,661.1923,153.6904,88.3523,93.1988
1983-11-30,3.2667,14230.7019,7338.9758,659.6005,153.6405,88.0944,92.9744
1983-12-31,3.2559,14214.9647,7276.6908,658.9664,153.5092,87.7432,92.885
1984-01-31,3.2517,14407.7371,7319.4494,660.0906,153.6875,87.5399,93.0435
1984-02-29,3.3032,14307.7296,7213.9407,661.2375,154.1467,87.4669,93.2051
1984-03-31,3.3723,14053.535,7031.9885,662.9179,155.067,87.6368,93.442
1984-04-30,3.3714,13905.0463,6903.8527,665.0696,156.1116,87.8999,93.7453
1984-05-31,3.3347,13443.3706,6622.1125,667.8133,157.085,88.1286,94.132
1984-06-30,3.3434,13411.326,6551.8665,667.1438,157.365,87.9732,94.0377
1984-07-31,3.2912,13575.4427,6576.8781,665.1732,157.1211,87.5294,93.7599
1984-08-31,3.293,14262.1891,6852.3484,661.9904,156.6838,86.985,93.3113
1984-09-30,3.2475,14612.9629,6964.6541,662.8024,156.913,86.8165,93.4257
1984-10-31,3.2326,15030.0924,7106.8842,662.5103,156.6471,86.3769,93.3845
1984-11-30,3.275,15186.2784,7125.384,660.9066,156.3031,85.9023,93.1585
1984-12-31,3.2413,15438.9753,7188.892,660.4268,156.1334,85.5289,93.0909
1985-01-31,3.2152,15909.3773,7350.9114,660.793,156.0739,85.2531,93.1425
1985-02-28,3.1739,15876.7013,7280.4283,663.6928,156.2232,85.0812,93.5512
1985-03-31,3.1795,16071.2129,7312.7906,665.1005,155.775,84.5705,93.7496
1985-04-30,3.2698,16123.065,7280.0371,663.106,154.9008,83.8484,93.4685
1985-05-31,3.2739,16856.3223,7553.4651,658.1162,153.4772,82.8299,92.7652
1985-06-30,3.3073,17270.203,7682.9338,655.4958,152.7121,82.1669,92.3958
1985-07-31,3.3741,17257.9145,7623.3129,654.4958,152.7961,81.9749,92.2549
1985-08-31,3.4279,17269.2079,7574.3412,654.1095,153.2187,81.9745,92.2004
1985-09-30,3.4158,17398.7531,7577.5803,652.788,153.5592,81.9346,92.0141
1985-10-31,3.5346,17447.9467,7545.6706,649.7625,153.9631,81.9338,91.5877
1985-11-30,3.5746,17970.7225,7718.147,646.7408,154.333,81.8974,91.1617
1985-12-31,3.6179,18497.0583,7891.1463,641.3286,154.411,81.6867,90.3989
1986-01-31,3.6617,18598.1538,7884.0404,635.3942,154.6269,81.5355,89.5624
1986-02-28,3.7536,19237.1974,8103.7051,623.6091,153.8647,80.9211,87.9012
1986-03-31,3.8187,20311.9427,8505.5081,611.0122,153.0301,80.3396,86.1256
1986-04-30,3.847,20734.2604,8634.3283,602.7497,152.9788,80.2077,84.961
1986-05-31,3.9078,20162.0292,8350.9276,597.4905,153.908,80.5841,84.2196
1986-06-30,3.9087,20613.2972,8490.4556,590.4048,154.2006,80.6212,83.2209
1986-07-31,3.9785,20637.7978,8454.4807,581.3571,153.9512,80.3784,81.9455
1986-08-31,4.0435,21258.1955,8662.1023,571.8708,153.5449,80.0606,80.6084
1986-09-30,4.0613,20767.4357,8418.5476,564.0898,153.7654,80.055,79.5116
1986-10-31,4.084,20521.5127,8274.7901,557.834,153.9435,80.0424,78.6298
1986-11-30,4.0699,20983.3521,8415.8076,551.6751,153.931,79.9506,77.7617
1986-12-31,4.1111,21076.4489,8408.6549,546.0322,154.0167,79.9164,76.9663
1987-01-31,4.2444,21676.4252,8603.0525,538.2093,153.703,79.6655,75.8636
1987-02-28,4.2839,21826.5164,8619.1642,535.0709,154.4953,79.9477,75.4213
1987-03-31,4.3177,22227.174,8733.4655,533.6799,155.6552,80.3607,75.2252
1987-04-30,4.4005,21937.8782,8577.0772,532.9184,157.2237,80.9192,75.1178
1987-05-31,4.4356,21513.1517,8368.2032,530.351,158.2088,81.1688,74.7559
1987-06-30,4.3908,21707.6605,8399.6875,529.083,159.391,81.5207,74.5772
1987-07-31,4.3683,21840.6022,8406.8575,529.6204,160.8103,81.9798,74.653
1987-08-31,4.4049,21845.7947,8364.3555,531.77,162.6197,82.6107,74.956
1987-09-30,4.5005,20919.1742,7966.5579,532.1108,164.1765,83.0996,75.004
1987-10-31,4.5396,19528.1865,7395.2072,531.5499,165.4564,83.4504,74.9249
1987-11-30,4.6898,19389.4783,7300.1917,527.9177,166.1946,83.5271,74.413
1987-12-31,4.7981,19328.2574,7235.6815,525.1215,167.3913,83.8408,74.0188
1988-01-31,4.8175,19689.4736,7328.2334,524.2476,168.8013,84.2758,73.8956
1988-02-29,4.7922,20451.5029,7568.888,521.6627,169.4821,84.3543,73.5313
1988-03-31,4.8647,20466.7012,7533.1104,519.9859,170.586,84.644,73.2949
1988-04-30,4.9207,20172.5942,7384.2131,517.1654,171.2625,84.6984,72.8974
1988-05-31,4.9314,19833.9719,7219.8005,514.3524,171.8689,84.7159,72.5009
1988-06-30,4.8775,20154.5992,7294.7279,511.0787,172.2764,84.6446,72.0394
1988-07-31,4.7896,20474.4698,7368.7735,508.5359,172.7716,84.601,71.681
1988-08-31,4.7819,20035.2955,7169.7667,505.4705,172.9577,84.4057,71.2489
1988-09-30,4.8171,20510.2823,7297.1314,499.6968,172.0142,83.6586,70.4351
1988-10-31,4.9363,21007.0459,7431.5616,494.8302,171.5493,83.1468,69.7491
1988-11-30,5.082,20736.0607,7295.6459,494.5752,172.5942,83.3678,69.7131
1988-12-31,5.1194,20625.3853,7216.8335,494.0439,173.344,83.4278,69.6383
1989-01-31,5.0556,21146.8816,7358.0101,492.4133,173.4491,83.1806,69.4084
1989-02-28,5.0629,21051.0249,7285.8874,491.4567,173.887,83.0831,69.2736
1989-03-31,5.0585,20932.6149,7206.1097,489.7759,173.8525,82.7381,69.0367
1989-04-30,5.0801,21178.4712,7251.2855,486.4975,173.1381,82.0629,68.5746
1989-05-31,4.9779,21554.2482,7340.4503,483.3037,172.1388,81.2406,68.1244
1989-06-30,4.9281,22061.9258,7473.5305,480.1924,171.1891,80.4633,67.6858
1989-07-31,5.0286,22923.1183,7725.1991,474.5808,169.8982,79.5332,66.8948
1989-08-31,5.0395,22623.9185,7586.4983,470.7028,169.2856,78.9438,66.3482
1989-09-30,5.0281,22835.0985,7618.7356,469.0666,169.3083,78.6711,66.1176
1989-10-31,5.1452,22368.5385,7425.4208,467.0703,169.1613,78.3144,65.8362
1989-11-30,5.1922,22604.4948,7465.8924,464.2464,168.4277,77.6744,65.4381
1989-12-31,5.2425,22776.5506,7485.067,461.0777,167.5942,76.988,64.9915
1990-01-31,5.2892,21989.7071,7190.9717,460.0224,167.8496,76.7727,64.8427
1990-02-28,5.2876,21467.6154,6984.1926,458.7362,167.9986,76.5033,64.6614
1990-03-31,5.2278,20983.0871,6790.2407,457.5604,168.0396,76.1877,64.4957
1990-04-30,5.2586,20672.5933,6653.0112,456.8154,168.2545,75.9891,64.3907
1990-05-31,5.3778,21220.9583,6791.2355,454.0716,168.3156,75.7479,64.0039
1990-06-30,5.4251,21233.6487,6758.2205,452.4059,169.0253,75.7832,63.7692
1990-07-31,5.5488,21176.8121,6703.5818,451.3784,170.0019,75.9277,63.6243
1990-08-31,5.6838,19799.1415,6233.4987,449.5702,171.0586,76.0387,63.3694
1990-09-30,5.7839,18783.2141,5879.794,446.5959,171.9317,76.0423,62.9502
1990-10-31,5.9283,19156.5848,5961.0056,443.3537,172.6506,75.974,62.4932
1990-11-30,5.9852,19203.3557,5940.5781,439.902,173.2945,75.8811,62.0067
1990-12-31,5.9389,19745.8259,6073.0985,436.5455,173.7288,75.693,61.5335
1991-01-31,5.9303,20039.2953,6128.1726,433.2676,174.0862,75.4993,61.0715
1991-02-28,6.0282,20746.0357,6308.2709,428.6154,174.1048,75.1821,60.4157
1991-03-31,5.8464,21008.5089,6353.0379,426.815,175.0589,75.2909,60.162
1991-04-30,5.7658,21439.527,6447.0006,424.9183,175.6555,75.2522,59.8946
1991-05-31,5.7752,21593.4936,6457.1709,424.6206,176.5661,75.3387,59.8527
1991-06-30,5.7083,21298.6531,6333.6872,425.1531,177.5239,75.461,59.9277
1991-07-31,5.7368,21584.196,6382.2442,424.8446,177.8838,75.3491,59.8842
1991-08-31,5.8334,21618.2162,6356.3621,422.3638,177.2434,74.8434,59.5346
1991-09-30,5.9444,21852.607,6389.8307,420.2479,176.7546,74.4303,59.2363
1991-10-31,5.9949,22058.4639,6415.2719,420.176,176.8864,74.3137,59.2262
1991-11-30,6.1091,21651.8308,6263.4233,419.7888,177.0183,74.1837,59.1716
1991-12-31,6.2136,22222.9171,6394.2423,417.9268,176.8577,73.94,58.9091
1992-01-31,6.2527,22151.0745,6341.1901,415.5873,176.6136,73.6767,58.5794
1992-02-29,6.202,22160.9266,6311.664,415.0599,176.7973,73.5842,58.505
1992-03-31,6.1192,21901.4795,6205.6995,411.8967,176.1278,73.1092,58.0592
1992-04-30,6.1655,21834.4964,6154.2168,408.3917,175.6121,72.7049,57.5651
1992-05-31,6.2659,22042.6135,6180.1631,404.0741,174.9384,72.2468,56.9565
1992-06-30,6.3956,21670.0613,6044.2047,398.406,174.1607,71.7455,56.1576
1992-07-31,6.5847,21544.2681,5977.9393,392.4494,173.5249,71.2996,55.318
1992-08-31,6.6667,21701.4013,5990.9421,387.6217,173.2806,71.0213,54.6374
1992-09-30,6.6657,21869.0104,6006.9478,383.6443,173.1266,70.7853,54.0768
1992-10-31,6.5269,21996.6946,6012.0322,380.7421,173.0666,70.5685,53.6677
1992-11-30,6.3602,22465.1447,6109.0285,378.7287,172.7523,70.259,53.3839
1992-12-31,6.3991,22637.8438,6124.8398,377.1695,172.4639,69.9739,53.1642
1993-01-31,6.3649,23008.0441,6194.0696,374.8259,171.6557,69.4629,52.8338
1993-02-28,6.3588,23641.0185,6333.4311,371.099,170.3278,68.745,52.3085
1993-03-31,6.4181,24257.9814,6468.0936,366.6358,168.9931,68.0382,51.6794
1993-04-30,6.5874,24229.6015,6430.8955,363.1151,168.3153,67.59,51.1831
1993-05-31,6.6327,24339.7991,6430.673,360.984,168.1347,67.3378,50.8827
1993-06-30,6.623,24527.263,6450.59,358.5785,167.5026,66.9188,50.5437
1993-07-31,6.5639,25191.093,6595.4334,357.4726,166.9375,66.5382,50.3878
1993-08-31,6.6297,25917.8798,6755.9805,355.2783,165.8156,65.9386,50.0785
1993-09-30,6.7269,25881.0974,6718.0707,352.7466,164.7252,65.356,49.7216
1993-10-31,6.6991,26232.7286,6781.3927,349.2197,163.4154,64.6872,49.2245
1993-11-30,6.6483,25641.5828,6601.6692,346.4171,162.7305,64.2664,48.8294
1993-12-31,6.6525,26228.8878,6724.5436,343.3572,161.8258,63.7611,48.3981
1994-01-31,6.5827,27124.8891,6926.1338,340.6709,161.0285,63.3198,48.0195
1994-02-28,6.6596,26493.9196,6738.0629,339.7602,161.2259,63.2659,47.8911
1994-03-31,6.7223,25375.0839,6426.8904,339.9961,161.9743,63.4181,47.9244
1994-04-30,6.741,25207.4573,6356.4982,340.0982,162.3436,63.4355,47.9388
1994-05-31,6.814,24971.9358,6268.8546,339.3266,162.3507,63.3141,47.83
1994-06-30,6.8873,24662.7168,6163.0984,339.2971,162.8837,63.3875,47.8258
1994-07-31,7.0436,24451.0937,6081.9351,338.7577,163.5999,63.5222,47.7498
1994-08-31,7.0745,24650.2555,6103.0026,339.6851,164.9479,63.8922,47.8805
1994-09-30,7.1559,24053.532,5927.6101,341.3941,166.6638,64.3976,48.1214
1994-10-31,7.2272,23931.8782,5869.4381,342.5161,168.2907,64.8856,48.2796
1994-11-30,7.2429,23424.3337,5717.1314,342.5864,169.5519,65.2294,48.2895
1994-12-31,7.1732,23832.5677,5788.0535,343.3786,170.9856,65.6439,48.4011
1995-01-31,7.1991,23702.8138,5727.3208,345.2914,173.1861,66.3355,48.6708
1995-02-28,7.2828,23981.8008,5765.1622,345.1501,174.3815,66.6399,48.6508
1995-03-31,7.4864,24248.2726,5800.1622,343.5127,175.1096,66.7656,48.42
1995-04-30,7.7014,24361.273,5798.6125,341.594,176.0574,66.9559,48.1496
1995-05-31,7.7202,24981.5131,5917.678,339.2609,176.635,67.008,47.8207
1995-06-30,7.7951,25257.651,5955.7201,336.5052,176.9735,66.9725,47.4323
1995-07-31,7.8191,25409.3671,5964.8051,335.244,177.8344,67.1432,47.2545
1995-08-31,7.6604,25536.6636,5967.8537,334.3463,178.5363,67.2639,47.128
1995-09-30,7.5705,26230.2595,6102.3521,331.9927,178.12,66.9684,46.7962
1995-10-31,7.645,26189.8851,6066.2046,329.5084,177.6186,66.631,46.4461
1995-11-30,7.6419,26673.3663,6151.3044,326.7135,176.9109,66.2248,46.0521
1995-12-31,7.6364,27247.8715,6257.0544,324.0406,176.3867,65.8947,45.6753
1996-01-31,7.5875,27665.4396,6327.2046,320.1635,175.0948,65.2638,45.1288
1996-02-29,7.6106,27354.5063,6230.9951,318.1211,174.6445,64.9512,44.841
1996-03-31,7.634,27026.5456,6130.9224,317.1473,174.4046,64.7086,44.7037
1996-04-30,7.6198,27189.7461,6141.7597,316.5889,173.9401,64.3839,44.625
1996-05-31,7.6296,27112.1262,6097.9682,316.9027,173.94,64.2333,44.6692
1996-06-30,7.6362,27107.0633,6070.4193,317.3977,173.9137,64.0742,44.739
1996-07-31,7.6873,26696.7207,5952.5434,316.7013,173.2754,63.6849,44.6408
1996-08-31,7.7563,26915.686,5975.0929,314.7885,172.4008,63.2142,44.3712
1996-09-30,7.7293,27333.5963,6041.5925,314.2729,172.4182,63.0637,44.2985
1996-10-31,7.7028,27897.3257,6139.6689,313.2552,171.9649,62.7422,44.1551
1996-11-30,7.7666,28646.9998,6278.3631,311.9418,171.466,62.397,43.9699
1996-12-31,7.7118,28573.8799,6237.0946,312.2927,171.7984,62.3465,44.0194
1997-01-31,7.6208,28730.4168,6245.5468,313.2375,172.3757,62.4022,44.1526
1997-02-28,7.4777,29505.4811,6387.4163,313.1461,172.0769,62.1411,44.1397
1997-03-31,7.4643,28976.8926,6247.3576,313.4711,171.9256,61.9431,44.1855
1997-04-30,7.4457,29154.4829,6259.1675,313.4823,171.5986,61.7004,44.1871
1997-05-31,7.5548,29844.1547,6380.211,312.5216,170.9348,61.3476,44.0517
1997-06-30,7.601,30540.6596,6502.2133,311.6385,170.3863,61.0371,43.9272
1997-07-31,7.5281,31758.2758,6734.248,310.888,169.6815,60.6758,43.8214
1997-08-31,7.428,31258.6737,6602.71,312.0381,169.6908,60.5636,43.9835
1997-09-30,7.4595,32040.204,6741.0578,311.5313,168.9146,60.1761,43.9121
1997-10-31,7.5017,31507.7285,6603.5088,311.5848,168.5797,59.9556,43.9196
1997-11-30,7.4867,31763.2657,6631.6216,311.977,168.2947,59.7639,43.9749
1997-12-31,7.3008,32755.9129,6812.9659,311.4627,167.2606,59.3144,43.9024
1998-01-31,7.1956,33757.2546,6995.5478,309.7507,165.5716,58.6382,43.6611
1998-02-28,7.2693,34377.4096,7098.6899,308.4987,164.5285,58.2008,43.4846
1998-03-31,7.267,34938.5302,7189.1156,306.6308,163.1726,57.6544,43.2213
1998-04-30,7.2889,35074.5173,7191.8472,305.0566,162.0498,57.1885,42.9994
1998-05-31,7.2994,34824.741,7115.7648,304.2146,161.1367,56.7863,42.8808
1998-06-30,7.2222,35514.5037,7231.4272,303.0848,159.853,56.2579,42.7215
1998-07-31,7.2407,35348.5482,7173.0486,302.379,158.9611,55.8631,42.622
1998-08-31,7.2103,33690.7417,6813.1972,299.7588,157.1884,55.1653,42.2527
1998-09-30,7.3346,34314.4599,6915.3265,296.2594,155.1186,54.3767,41.7594
1998-10-31,7.5766,34630.8051,6956.1891,292.9524,153.4576,53.7297,41.2933
1998-11-30,7.5643,35180.2347,7043.788,290.78,152.419,53.3001,40.9871
1998-12-31,7.6204,35788.8278,7142.46,287.6727,151.304,52.84,40.5491
1999-01-31,7.6014,36124.869,7186.2371,286.3621,151.3087,52.7682,40.3643
1999-02-28,7.4597,35905.4784,7119.4221,286.2593,151.5932,52.7918,40.3499
1999-03-31,7.3885,36622.1933,7236.9853,285.8368,151.5887,52.712,40.2903
1999-04-30,7.4065,37440.7259,7373.6752,285.2004,151.4626,52.566,40.2006
1999-05-31,7.4107,36646.0029,7193.0458,285.7613,151.9597,52.6428,40.2797
1999-06-30,7.3823,37113.1218,7259.6028,287.1553,152.9799,52.9068,40.4762
1999-07-31,7.4079,37030.6962,7218.0226,287.9643,153.7069,53.0608,40.5902
1999-08-31,7.5353,36446.767,7079.0987,289.5428,155.1229,53.4468,40.8127
1999-09-30,7.6038,36322.1434,7029.5268,292.8045,157.3279,54.091,41.2724
1999-10-31,7.6854,36538.018,7045.829,296.4951,159.5332,54.7341,41.7927
1999-11-30,7.6562,37645.5492,7233.1071,298.9338,161.023,55.1276,42.1364
1999-12-31,7.6748,38768.2763,7422.3857,302.755,163.213,55.756,42.675
2000-01-31,7.6977,37606.4252,7173.691,307.2207,165.8397,56.5192,43.3045
2000-02-29,7.6069,38623.3264,7339.8015,309.824,167.5212,56.9395,43.6714
2000-03-31,7.6338,39509.7258,7480.1972,312.2582,169.2891,57.3637,44.0145
2000-04-30,7.6319,38592.1549,7279.7041,315.217,171.3039,57.9042,44.4316
2000-05-31,7.5012,38173.2515,7173.9139,318.4213,173.193,58.3912,44.8833
2000-06-30,7.6506,38863.3521,7275.4641,318.7053,173.8485,58.438,44.9233
2000-07-31,7.6392,38535.8029,7187.284,320.1956,175.0894,58.6857,45.1334
2000-08-31,7.5789,39772.8456,7390.2109,321.2837,175.7612,58.7535,45.2867
2000-09-30,7.5181,39120.7207,7242.4159,323.5433,176.8234,58.945,45.6052
2000-10-31,7.4688,38953.9558,7184.5453,325.1052,177.2613,58.9287,45.8254
2000-11-30,7.4704,38162.7791,7012.128,326.5177,177.6801,58.9089,46.0245
2000-12-31,7.5677,38717.669,7087.1173,325.6819,177.0258,58.5344,45.9067
2001-01-31,7.6202,39274.7845,7163.837,322.4572,175.1089,57.7275,45.4522
2001-02-28,7.5987,38248.3977,6952.3953,319.8712,173.6837,57.0962,45.0876
2001-03-31,7.5064,37726.9907,6833.4823,317.2172,172.0068,56.4107,44.7135
2001-04-30,7.445,38691.4591,6983.3104,315.254,170.5911,55.798,44.4368
2001-05-31,7.4633,38491.4117,6922.1752,312.0821,168.8156,55.0514,43.9897
2001-06-30,7.4287,38526.4113,6903.1344,311.0775,167.8627,54.5987,43.8481
2001-07-31,7.4339,38298.0114,6837.1461,309.068,166.3927,53.9976,43.5649
2001-08-31,7.5839,37546.5836,6678.5226,306.3687,164.9346,53.4024,43.1844
2001-09-30,7.6353,36052.8481,6389.5512,302.9265,163.2822,52.751,42.6992
2001-10-31,7.6095,36914.9311,6518.117,298.9498,161.3869,52.0441,42.1387
2001-11-30,7.6088,37720.0254,6636.2512,295.9036,159.9906,51.5093,41.7093
2001-12-31,7.6129,37690.558,6607.242,295.0559,159.6098,51.3165,41.5898
2002-01-31,7.5707,37816.8738,6605.2116,294.4377,159.1866,51.1293,41.5027
2002-02-28,7.5115,38194.8451,6646.9547,293.94,158.7636,50.945,41.4325
2002-03-31,7.5727,38149.4109,6614.8847,294.6476,159.2645,51.0473,41.5322
2002-04-30,7.6274,37931.7632,6552.4419,293.7279,159.0945,50.9224,41.4026
2002-05-31,7.7526,37639.0233,6477.5114,292.4637,158.9216,50.8138,41.2244
2002-06-30,7.8759,36850.1284,6317.9802,290.7218,158.7478,50.7131,40.9789
2002-07-31,8.0309,35652.3436,6089.836,288.4286,158.5007,50.573,40.6556
2002-08-31,7.9991,36508.6535,6212.8719,286.2899,157.9924,50.3404,40.3542
2002-09-30,8.0069,35862.5335,6080.9322,283.6756,157.1357,50.0075,39.9857
2002-10-31,7.9843,36321.3823,6137.0319,282.8413,157.2829,49.973,39.8681
2002-11-30,8.1057,36518.174,6147.9071,281.2759,157.2179,49.8612,39.6474
2002-12-31,8.172,36458.4933,6115.6057,278.5429,156.5975,49.5632,39.2622
2003-01-31,8.3386,35684.671,5964.4154,275.995,156.3971,49.3887,38.903
2003-02-28,8.3856,35764.5429,5956.419,272.2236,155.6519,49.03,38.3714
2003-03-31,8.4256,35604.1519,5909.1386,267.4851,154.333,48.4935,37.7035
2003-04-30,8.4834,36500.8835,6037.0516,263.1028,153.1741,48.0427,37.0858
2003-05-31,8.7516,37285.5722,6145.8691,257.312,151.2789,47.3734,36.2696
2003-06-30,8.8091,37496.3734,6161.2413,252.5088,149.8187,46.839,35.5925
2003-07-31,8.7763,36602.5418,5996.0265,250.5371,149.7956,46.7482,35.3146
2003-08-31,8.7391,36942.3061,6031.6298,249.6145,150.3843,46.8436,35.1846
2003-09-30,8.85,37457.7302,6094.5711,248.1576,150.7637,46.8697,34.9792
2003-10-31,9.0729,37324.395,6052.3741,245.9895,151.1027,46.8934,34.6736
2003-11-30,9.1219,37436.0237,6050.0833,244.0954,151.4774,46.9323,34.4066
2003-12-31,9.3162,37933.3234,6109.9506,242.0924,151.923,46.9895,34.1243
2004-01-31,9.4862,37974.1291,6096.1379,240.2955,152.4682,47.0766,33.871
2004-02-29,9.5368,38376.6006,6140.6346,239.24,153.4402,47.3094,33.7222
2004-03-31,9.4619,38910.2137,6206.1124,238.1145,154.2003,47.4751,33.5636
2004-04-30,9.4434,37674.6423,5990.2712,238.8738,156.1026,47.9674,33.6706
2004-05-31,9.3903,37616.0237,5960.9208,241.4792,158.7034,48.6523,34.0379
2004-06-30,9.5048,37535.7194,5927.51,243.471,160.9947,49.2299,34.3186
2004-07-31,9.5983,37076.4929,5834.5512,242.7349,161.7147,49.3307,34.2148
2004-08-31,9.5966,37779.4989,5924.7547,241.1063,161.8894,49.2821,33.9853
2004-09-30,9.655,38103.509,5955.6846,240.2318,162.4448,49.3515,33.862
2004-10-31,9.799,38212.5555,5953.337,239.0389,162.6606,49.2905,33.6939
2004-11-30,10.0642,38054.5119,5909.5887,237.7793,163.1199,49.2844,33.5163
2004-12-31,10.257,38258.9024,5922.1392,236.6043,163.5873,49.2923,33.3507
2005-01-31,10.2286,38316.6589,5912.0637,235.731,163.9945,49.3002,33.2276
2005-02-28,10.2507,38611.1413,5938.6148,234.9043,164.3832,49.2949,33.1111
2005-03-31,10.3445,37710.2728,5781.8899,234.6511,165.422,49.4768,33.0754
2005-04-30,10.2902,37877.8171,5788.7536,232.3016,164.959,49.2008,32.7442
2005-05-31,10.2788,38349.6825,5842.1046,229.4118,164.1726,48.8498,32.3369
2005-06-30,10.1626,39192.8321,5951.8788,226.7925,163.2407,48.4706,31.9677
2005-07-31,10.1129,39552.7542,5988.2156,225.5558,163.0846,48.3013,31.7934
2005-08-31,10.2694,39457.7522,5955.1952,224.5988,163.3177,48.2273,31.6585
2005-09-30,10.3127,39554.3185,5951.1387,224.2346,163.9556,48.2292,31.6071
2005-10-31,10.2239,38987.9052,5847.4483,224.8349,164.9762,48.3544,31.6917
2005-11-30,10.1575,39722.4465,5938.1549,225.2278,165.3894,48.3417,31.7471
2005-12-31,10.233,40166.0074,5984.8649,225.7846,165.766,48.319,31.8256
2006-01-31,10.4035,40489.8179,6013.5932,226.0643,166.2106,48.2876,31.865
2006-02-28,10.3987,40403.7648,5981.6062,226.929,167.0532,48.3858,31.9869
2006-03-31,10.4526,40299.8139,5946.9243,227.6515,167.743,48.4442,32.0888
2006-04-30,10.5821,40245.4977,5919.318,229.2706,169.3604,48.7624,32.317
2006-05-31,10.8391,38843.8624,5693.7772,230.98,171.4201,49.194,32.5579
2006-06-30,10.7586,38974.1834,5693.1435,232.8457,173.6326,49.6625,32.8209
2006-07-31,10.8252,39018.1724,5679.7768,233.6113,175.1891,49.9419,32.9288
2006-08-31,10.942,39509.8259,5731.4797,234.0733,176.443,50.1428,32.9939
2006-09-30,10.9493,39850.8345,5761.5351,233.9515,177.2088,50.2789,32.9768
2006-10-31,10.9549,40487.8009,5834.5107,233.1475,177.6073,50.3342,32.8634
2006-11-30,11.1243,40835.0909,5865.4528,232.0819,178.1012,50.395,32.7133
2006-12-31,11.2949,40566.8937,5808.4718,231.5046,179.0893,50.5727,32.6319
2007-01-31,11.2514,40708.2367,5809.9928,231.545,180.2824,50.8238,32.6376
2007-02-28,11.3376,40757.1982,5798.0148,230.7507,180.9497,50.9117,32.5256
2007-03-31,11.4608,40810.5022,5786.7876,229.4619,181.3256,50.9005,32.3439
2007-04-30,11.6388,40988.2671,5793.3178,227.9451,181.5899,50.8637,32.1301
2007-05-31,11.7154,40976.0548,5772.7941,227.0146,182.0592,50.8775,31.999
2007-06-30,11.7514,40552.399,5694.4624,226.6751,183.1937,51.0752,31.9511
2007-07-31,11.9403,39884.9906,5581.7777,225.847,184.0523,51.2139,31.8344
2007-08-31,11.9472,40269.4447,5616.7582,225.2892,184.9399,51.3799,31.7558
2007-09-30,12.1257,40792.6523,5670.9319,224.8515,186.1411,51.5939,31.6941
2007-10-31,12.3452,41080.4276,5692.2704,224.1528,187.4016,51.7914,31.5956
2007-11-30,12.5868,40111.0427,5540.016,223.3347,188.5843,51.9381,31.4803
2007-12-31,12.5567,39909.0096,5494.7371,222.5918,189.5929,52.0435,31.3756
2008-01-31,12.6916,38849.8544,5331.6857,220.6698,189.8192,51.9265,31.1047
2008-02-29,12.7854,38720.186,5296.9041,219.3165,190.5207,51.9456,30.9139
2008-03-31,13.1256,37808.3279,5155.3274,217.6233,191.1429,51.9498,30.6752
2008-04-30,13.2183,38527.2547,5236.2353,216.2993,192.0034,52.0168,30.4886
2008-05-31,13.1952,38335.6871,5192.6983,215.44,193.2041,52.162,30.3675
2008-06-30,13.231,36862.7364,4976.059,214.1718,194.0819,52.1782,30.1887
2008-07-31,13.3539,36191.3068,4868.0541,213.1917,195.0465,52.1992,30.0506
2008-08-31,13.0501,36756.2104,4926.1807,212.7867,196.1215,52.2614,29.9935
2008-09-30,12.7577,34890.1419,4659.2022,212.9613,197.1112,52.3137,30.0181
2008-10-31,12.1898,33358.5181,4438.454,214.3115,198.0891,52.4129,30.2084
2008-11-30,11.9033,34124.8533,4522.0446,214.7081,197.5699,52.2279,30.2643
2008-12-31,12.1009,36254.0249,4785.2165,212.6692,195.2191,51.5959,29.9769
2009-01-31,12.0246,35003.9836,4603.5405,212.8804,194.5782,51.4286,30.0067
2009-02-28,11.7842,34107.9811,4469.4918,212.8306,193.2902,51.0836,29.9997
2009-03-31,11.7945,35026.9018,4573.1417,212.4497,191.3581,50.585,29.946
2009-04-30,12.0002,35737.1678,4648.7825,211.7374,189.2294,50.0408,29.8456
2009-05-31,12.3329,36065.3692,4674.1002,210.4497,186.9703,49.4837,29.6641
2009-06-30,12.539,35716.7971,4611.8649,208.8501,184.6217,48.918,29.4386
2009-07-31,12.6549,36937.7904,4752.1176,207.1134,182.1537,48.3523,29.1938
2009-08-31,12.8351,37016.2945,4745.5242,205.0241,179.9536,47.837,28.8993
2009-09-30,13.0414,37494.641,4790.6368,201.8646,177.375,47.2186,28.4539
2009-10-31,13.2711,36627.8235,4664.601,197.8688,175.0845,46.6264,27.8907
2009-11-30,13.4098,37343.9934,4740.2045,195.2092,174.4605,46.3863,27.5158
2009-12-31,13.353,37150.361,4700.1926,195.4988,176.1526,46.7287,27.5566
2010-01-31,13.3411,36675.4757,4624.9821,193.2841,175.6783,46.5015,27.2445
2010-02-28,13.2048,37322.9459,4691.3827,191.1712,175.4404,46.3568,26.9467
2010-03-31,13.2821,37832.029,4739.9783,189.8221,175.9142,46.3974,26.7565
2010-04-30,13.3297,37962.9997,4741.0542,188.3413,176.0853,46.3594,26.5478
2010-05-31,13.0479,37598.1568,4680.449,186.3165,175.0538,46.0111,26.2624
2010-06-30,13.0077,37901.1867,4703.7402,183.6813,173.1587,45.4702,25.8909
2010-07-31,13.3335,38489.5166,4762.3617,181.1185,171.4899,44.9826,25.5297
2010-08-31,13.5104,38211.0314,4714.0742,178.1706,169.4036,44.3938,25.1141
2010-09-30,13.6778,39050.4159,4804.3732,175.6219,167.6035,43.8826,24.7549
2010-10-31,14.1125,38606.1329,4736.804,172.859,165.7428,43.3543,24.3654
2010-11-30,14.0773,37997.7079,4649.4942,171.0393,164.6352,43.0261,24.1089
2010-12-31,13.9879,38752.2148,4728.4686,168.8703,163.1904,42.596,23.8032
2011-01-31,14.147,38399.0215,4671.8611,167.3781,162.5553,42.3689,23.5929
2011-02-28,14.3206,38540.3191,4675.3339,166.0385,162.3951,42.2494,23.4041
2011-03-31,14.5277,38012.7707,4597.5877,164.6137,162.2628,42.1193,23.2032
2011-04-30,14.7877,38426.6145,4633.861,162.9242,162.0564,41.9536,22.9651
2011-05-31,14.8627,38372.287,4613.6006,161.372,162.3289,41.9013,22.7463
2011-06-30,14.9543,37870.5789,4540.2009,160.4629,163.324,42.0365,22.6182
2011-07-31,15.0291,37922.1876,4533.3247,159.8263,164.2789,42.161,22.5284
2011-08-31,15.0847,37593.09,4481.2038,158.7443,164.5697,42.1157,22.3759
2011-09-30,14.7762,37023.9735,4401.857,157.5111,164.2696,41.9203,22.2021
2011-10-31,14.729,38564.5115,4573.4174,156.2034,163.4517,41.601,22.0178
2011-11-30,14.7015,38146.6881,4512.1699,154.4538,162.2078,41.1722,21.7711
2011-12-31,14.5864,38664.6358,4561.8563,152.0626,160.3024,40.5881,21.4341
2012-01-31,14.6455,39562.9212,4656.0625,149.7223,158.3348,39.992,21.1042
2012-02-29,14.9077,39726.6474,4663.6876,147.2539,156.2794,39.3769,20.7563
2012-03-31,14.8415,39607.561,4638.1613,145.4761,154.6959,38.8912,20.5057
2012-04-30,14.8603,39748.8219,4642.8511,143.6141,152.7821,38.3353,20.2432
2012-05-31,14.6815,39217.2365,4569.3068,141.6606,150.5533,37.7195,19.9679
2012-06-30,14.5608,40252.7585,4678.721,139.4009,147.8214,36.9807,19.6493
2012-07-31,14.6056,40763.6428,4726.8342,137.2805,145.2101,36.2816,19.3505
2012-08-31,14.7382,40831.9245,4723.8508,136.3992,143.9839,35.9245,19.2262
2012-09-30,14.9763,40901.355,4720.8215,135.7588,143.4619,35.7371,19.136
2012-10-31,15.0703,40640.8989,4679.8052,135.1729,143.1085,35.5864,19.0534
2012-11-30,15.0159,40921.3445,4701.1995,134.2594,142.388,35.3546,18.9246
2012-12-31,15.1388,40832.5294,4680.2815,133.7101,142.2467,35.2678,18.8472
2013-01-31,15.1681,40840.7967,4670.3413,133.4874,142.4305,35.2636,18.8158
2013-02-28,15.151,40826.4715,4657.5807,133.3359,142.4646,35.2119,18.7944
2013-03-31,15.0323,41358.5574,4706.9324,132.533,141.7624,34.9925,18.6813
2013-04-30,15.0737,41901.4918,4757.4407,131.5434,140.8703,34.7389,18.5418
2013-05-31,15.03,41078.7377,4653.4424,131.5925,141.2058,34.7806,18.5487
2013-06-30,15.0432,39991.1108,4519.486,132.5385,142.6047,35.0752,18.682
2013-07-31,14.9635,40936.6449,4614.5295,133.587,144.0053,35.3656,18.8298
2013-08-31,15.0383,40309.4072,4532.091,134.7162,145.4592,35.6766,18.989
2013-09-30,15.1117,41073.1041,4605.8355,135.6405,146.5668,35.9152,19.1193
2013-10-31,15.3419,41486.2155,4640.0013,136.3114,147.516,36.1214,19.2139
2013-11-30,15.2437,41724.2932,4654.8207,137.5411,149.0358,36.4562,19.3872
2013-12-31,15.2637,41761.3275,4647.0148,138.7187,150.4227,36.749,19.5532
2014-01-31,15.2074,41622.2014,4619.511,139.3178,151.1075,36.869,19.6376
2014-02-28,15.2492,42666.876,4723.5228,139.5073,151.3938,36.9051,19.6643
2014-03-31,15.3366,42515.9122,4695.2077,139.99,152.1675,37.045,19.7324
2014-04-30,15.4423,42652.4078,4698.6607,140.7064,153.2415,37.2478,19.8334
2014-05-31,15.5247,43119.064,4738.544,140.4261,153.3321,37.2059,19.7938
2014-06-30,15.5369,43438.3641,4762.343,139.8188,153.0764,37.0812,19.7082
2014-07-31,15.5918,43018.8718,4705.1653,139.1869,152.901,36.9793,19.6192
2014-08-31,15.4971,44005.7469,4801.8219,137.9215,151.8933,36.6841,19.4408
2014-09-30,15.2915,43468.8853,4732.3852,137.4382,151.5159,36.5419,19.3727
2014-10-31,15.1425,44307.9675,4812.4844,136.7349,150.5875,36.2705,19.2736
2014-11-30,14.9178,45160.7983,4894.0215,135.7424,149.2459,35.9095,19.1337
2014-12-31,14.662,45498.2766,4919.513,134.5911,147.5126,35.4711,18.9714
2015-01-31,14.4117,46662.7164,5034.4458,132.9312,145.1269,34.8998,18.7374
2015-02-28,14.3031,47644.7996,5130.0486,132.0497,143.448,34.4963,18.6131
2015-03-31,14.106,47847.6191,5141.1876,131.2953,141.66,34.0657,18.5068
2015-04-30,14.2379,47945.1634,5140.9081,130.5055,139.8746,33.6387,18.3955
2015-05-31,14.4126,47130.1932,5043.1074,130.6813,139.1736,33.4693,18.4203
2015-06-30,14.3623,46279.3945,4941.1298,131.1173,138.6723,33.3438,18.4817
2015-07-31,14.2442,46882.3721,4993.9406,131.4369,137.9208,33.1574,18.5268
2015-08-31,14.0985,46075.5336,4896.697,132.1376,137.5416,33.0598,18.6255
2015-09-30,14.051,45819.8401,4858.4105,132.074,136.4683,32.8023,18.6166
2015-10-31,14.1812,46917.0731,4963.3501,132.2609,135.9128,32.6657,18.6429
2015-11-30,14.02,46980.6197,4958.7659,132.9763,135.9243,32.6562,18.7438
2015-12-31,13.9787,46605.1235,4907.6471,133.6682,136.0807,32.676,18.8413
2016-01-31,13.8352,46512.0119,4886.3967,135.0126,136.9974,32.8647,19.0308
2016-02-29,13.9842,46501.0161,4874.0323,135.2149,136.9592,32.8335,19.0593
2016-03-31,14.1866,47543.3245,4972.2953,134.8134,136.6135,32.7275,19.0027
2016-04-30,14.4248,47397.1142,4946.1961,134.6593,136.5954,32.6931,18.981
2016-05-31,14.404,47436.7036,4939.8298,133.9122,135.8169,32.4783,18.8757
2016-06-30,14.4376,48166.7182,5005.24,132.2137,134.1217,32.0458,18.6363
2016-07-31,14.4227,49074.167,5089.2082,130.4642,132.4592,31.6276,18.3897
2016-08-31,14.5917,48669.1,5037.3963,128.8652,131.1945,31.2992,18.1643
2016-09-30,14.6209,48720.0417,5032.7127,127.7122,130.4467,31.0811,18.0018
2016-10-31,14.5556,47951.0472,4943.3131,127.2272,130.2358,30.9871,17.9334
2016-11-30,14.3818,47597.7141,4896.6713,126.8232,130.1229,30.9139,17.8764
2016-12-31,14.2559,48159.6661,4943.2851,126.7243,130.2534,30.8883,17.8625
2017-01-31,14.3711,48455.3735,4962.0483,126.5753,130.5392,30.8886,17.8415
2017-02-28,14.5546,48659.2372,4971.5025,127.0572,131.4816,31.0378,17.9094
2017-03-31,14.6236,48631.6957,4957.3414,127.9648,132.7611,31.2757,18.0374
2017-04-30,14.7604,48916.5685,4974.9564,128.5223,133.6012,31.417,18.1159
2017-05-31,14.898,49139.957,4986.5754,128.8994,134.3759,31.5508,18.1691
2017-06-30,15.0549,48857.0265,4946.9459,129.5413,135.5124,31.7761,18.2596
2017-07-31,15.2174,49021.1866,4952.8713,130.4598,137.0689,32.0984,18.389
2017-08-31,15.4452,48830.4134,4922.8905,130.8823,138.1456,32.3017,18.4486
2017-09-30,15.6134,48576.0032,4886.8869,131.1731,139.1921,32.4899,18.4896
2017-10-31,15.5187,49168.0029,4935.8783,131.2052,139.9541,32.6146,18.4941
2017-11-30,15.549,49514.8445,4960.0451,130.4043,140.0073,32.5686,18.3812
2017-12-31,15.671,49655.1487,4963.5352,129.2221,139.8516,32.475,18.2146
2018-01-31,16.0214,49601.3732,4947.6625,128.5134,140.3727,32.537,18.1147
2018-02-28,16.1839,47846.0473,4762.2501,128.339,141.4818,32.7295,18.0901
2018-03-31,16.2311,47621.8803,4729.2686,127.7143,142.0649,32.7991,18.0021
2018-04-30,16.2252,47439.7576,4700.5462,127.5755,143.0535,32.9588,17.9825
2018-05-31,15.9479,48249.5054,4769.8979,127.7961,144.1245,33.1286,18.0136
2018-06-30,15.8524,48250.7281,4758.9594,128.2724,145.2755,33.3163,18.0807
2018-07-31,15.7424,49303.5731,4851.5301,128.7382,146.2021,33.4511,18.1464
2018-08-31,15.5998,49852.3445,4894.1709,129.7096,147.4036,33.6542,18.2833
2018-09-30,15.5639,50006.4055,4897.9548,130.855,148.645,33.873,18.4448
2018-10-31,15.5691,47970.0407,4687.4405,132.176,150.1579,34.1478,18.631
2018-11-30,15.5936,48264.9898,4704.8215,133.0693,151.1902,34.3237,18.7569
2018-12-31,15.6488,47136.861,4583.7182,133.7009,151.8824,34.427,18.8459
2019-01-31,15.8331,48692.7796,4723.8025,133.7434,151.7879,34.365,18.8519
2019-02-28,15.8872,48970.9602,4739.6869,133.5719,151.3573,34.2245,18.8277
2019-03-31,15.9057,49749.3303,4803.9335,133.5293,151.0581,34.1048,18.8217
2019-04-30,15.9103,50410.1179,4856.7408,133.5251,150.8093,33.9932,18.8211
2019-05-31,15.8183,49850.5666,4792.0508,133.1717,150.3053,33.83,18.7713
2019-06-30,15.9399,51570.3843,4946.4847,132.0805,149.1279,33.5203,18.6175
2019-07-31,16.0296,51397.6713,4919.538,131.152,148.2895,33.2827,18.4866
2019-08-31,15.8572,52462.6125,5011.0996,129.288,146.3793,32.8091,18.2239
2019-09-30,15.8525,52654.8524,5019.932,127.4203,144.4956,32.3427,17.9606
2019-10-31,15.952,52948.0314,5038.1147,125.2909,142.3858,31.8249,17.6605
2019-11-30,16.0526,52983.3658,5031.642,123.884,141.1414,31.4914,17.4621
2019-12-31,16.1661,53499.2046,5070.4838,122.9394,140.4548,31.2772,17.329
2020-01-31,16.2793,53419.9677,5052.9211,121.9568,139.6474,31.031,17.1905
2020-02-29,16.1652,52561.5829,4962.2542,120.2373,137.8712,30.5774,16.9481
2020-03-31,15.9675,49654.8642,4679.4753,118.7441,136.2089,30.1706,16.7376
2020-04-30,15.8373,52540.1617,4942.566,115.738,132.7386,29.3905,16.3139
2020-05-31,15.9378,53650.2107,5038.5561,113.0304,129.7361,28.717,15.9323
2020-06-30,16.248,53652.7751,5030.5,110.8629,127.4328,28.1888,15.6267
2020-07-31,16.4455,55005.1701,5149.0762,108.0791,124.4537,27.5067,15.2344
2020-08-31,16.7025,55303.4239,5169.2806,106.2271,122.81,27.1157,14.9733
2020-09-30,16.839,54047.2034,5044.2568,104.2901,121.1572,26.7203,14.7003
2020-10-31,16.951,53091.3214,4947.5753,102.2017,119.3165,26.2878,14.4059
2020-11-30,17.2187,55122.7097,5129.0575,99.4459,116.7491,25.6983,14.0175
2020-12-31,17.5609,55413.6874,5148.3779,96.8043,114.4292,25.1609,13.6451
2021-01-31,17.7199,54509.7238,5056.9457,94.8952,112.9986,24.8175,13.376
2021-02-28,17.7987,54086.2607,5010.0824,93.7997,112.6733,24.7089,13.2216
2021-03-31,17.7131,54469.3655,5037.4825,93.2649,113.1464,24.7502,13.1462
2021-04-30,17.8295,55455.9452,5119.8816,93.9665,115.1578,25.1014,13.2451
2021-05-31,18.0929,55269.6387,5094.035,94.5209,117.1186,25.4215,13.3232
2021-06-30,18.1685,55506.4502,5107.1871,95.0596,118.9055,25.695,13.3992
2021-07-31,18.0872,56332.2332,5174.5452,95.7566,120.6804,25.9707,13.4974
2021-08-31,18.1618,56644.8226,5195.0649,96.1685,122.0146,26.1511,13.5555
2021-09-30,18.2746,54698.4377,5008.7461,96.6477,123.4415,26.3433,13.623
2021-10-31,18.2784,55946.7658,5114.8781,97.1746,124.8604,26.516,13.6973
2021-11-30,18.2684,55310.969,5048.5118,98.2143,126.7668,26.7793,13.8439
2021-12-31,18.2549,56389.405,5138.6388,99.6024,128.9532,27.0865,14.0395
2022-01-31,18.3886,54001.5923,4912.5328,101.4886,131.8108,27.5127,14.3054
2022-02-28,18.5091,52513.3513,4768.1725,103.2535,134.564,27.9001,14.5542
2022-03-31,18.339,52668.7803,4772.6998,104.7693,136.9465,28.1847,14.7678
2022-04-30,18.3706,49091.3694,4439.1516,107.3992,140.7408,28.7566,15.1385
2022-05-31,18.1689,49684.377,4482.2918,109.7938,143.9074,29.1894,15.4761
2022-06-30,18.2161,46800.0999,4211.737,113.3527,148.5848,29.902,15.9777
2022-07-31,17.9929,49526.8751,4445.2002,116.0857,152.0561,30.4005,16.3629
2022-08-31,18.0567,47563.6417,4258.1481,119.6455,156.6048,31.1118,16.8647
2022-09-30,17.7525,44666.1659,3988.3268,124.1678,162.0531,31.9883,17.5022
2022-10-31,17.5783,46037.8187,4098.6923,128.3501,166.9141,32.7579,18.0917
2022-11-30,17.9296,48259.5848,4283.4249,131.6468,170.9517,33.38,18.5564
2022-12-31,18.3367,46160.3782,4085.385,133.8335,173.8786,33.7968,18.8646
2023-01-31,18.6405,47814.445,4220.3417,134.7537,175.2821,33.9108,18.9943
2023-02-28,18.6168,46331.3889,4078.8025,136.3393,177.4747,34.1781,19.2178
2023-03-31,18.5997,47841.2555,4200.374,136.921,178.4409,34.2361,19.2998
2023-04-30,18.7914,47861.2034,4191.0984,136.5097,178.2226,34.0586,19.2418
2023-05-31,18.7677,47283.2215,4129.8591,136.6282,178.8537,34.0661,19.2585
2023-06-30,18.7045,48558.5871,4230.072,135.7007,178.0293,33.8218,19.1278
2023-07-31,18.8264,49073.5483,4263.6297,136.0627,179.165,33.9482,19.1788
2023-08-31,18.6795,48438.621,4197.3594,136.3235,180.0322,34.0055,19.2156
2023-09-30,18.5804,46868.2926,4050.079,135.7399,180.0123,33.8909,19.1333
2023-10-31,18.5313,46012.3039,3964.6437,135.8081,180.9477,33.9702,19.1429
2023-11-30,18.8489,48403.9902,4158.0253,135.335,181.071,33.9069,19.0762
2023-12-31,19.0223,50205.1105,4300.5377,135.486,181.8175,33.9561,19.0975
2024-01-31,19.0466,49988.5241,4270.3373,136.7939,183.9104,34.2609,19.2819
2024-02-29,19.0194,50568.3365,4308.0038,137.318,184.9547,34.3639,19.3557
2024-03-31,19.1208,51463.4974,4372.1677,138.2945,186.696,34.59,19.4934
2024-04-30,19.0425,50119.6183,4246.4208,140.1835,189.4684,35.0058,19.7597
2024-05-31,19.1828,51139.5528,4320.4482,140.9713,190.8824,35.1747,19.8707
2024-06-30,19.1847,51734.863,4358.4965,141.7867,192.3847,35.3678,19.9856
2024-07-31,19.2802,52496.1747,4410.5498,142.3221,193.4891,35.4876,20.0611
2024-08-31,19.5399,53227.3093,4459.9085,141.725,193.3839,35.3935,19.9769
2024-09-30,19.74,53790.1079,4495.4641,140.6071,192.8143,35.2193,19.8194
2024-10-31,19.6268,52808.6145,4402.4297,140.055,193.0136,35.1785,19.7415
2024-11-30,19.4037,54377.1443,4521.3684,140.7263,194.3892,35.3525,19.8362
2024-12-31,19.3166,53386.9009,4427.354,141.9863,196.3697,35.6292,20.0138
2025-01-31,19.2752,54285.4319,4489.5438,142.6337,197.4585,35.7372,20.105
2025-02-28,19.4896,54354.1892,4482.7021,142.7937,198.0847,35.7674,20.1276
2025-03-31,19.7896,52922.5129,4352.725,143.2388,199.2796,35.9118,20.1903
2025-04-30,20.0408,52901.3625,4338.9976,142.5932,199.2544,35.8362,20.0993
2025-05-31,20.2936,53416.5537,4369.1434,142.6835,200.3329,35.9587,20.112
2025-06-30,20.5225,54464.7823,4442.5789,142.545,201.2672,36.0466,20.0925
2025-07-31,20.6431,54292.2295,4416.5637,142.8043,202.797,36.2384,20.1291
2025-08-31,20.663,55222.979,4480.1565,143.2859,204.4173,36.442,20.197
2025-09-30,20.8034,56362.6002,4560.5234,143.7704,205.9836,36.6339,20.2652
2025-10-31,20.8118,57149.9579,4612.3732,143.4322,206.4881,36.6385,20.2176
2025-11-30,20.8365,57242.1514,4608.2247,143.3538,207.58,36.7524,20.2065
2025-12-31,21.0359,56911.3188,4570.0062,142.9012,208.4268,36.8207,20.1427
2026-01-31,21.2199,57755.9185,4625.7238,142.2397,209.1615,36.8768,20.0495
2026-02-28,21.4511,58044.4757,4636.9107,141.6703,209.9873,36.9488,19.9692
2026-03-31,21.3195,55561.4396,4427.4051,141.9039,211.6818,37.1428,20.0022
2026-04-30,21.4101,57784.505,4592.1537,141.7205,212.575,37.1845,19.9763
2026-05-31,21.5012,58797.8147,4660.4461,141.8322,213.7845,37.2668,19.992
2026-06-30,21.5926,58036.1498,4588.0283,142.2541,215.3376,37.4304,20.0515
