,cash_yield_20y,tr_in_hours_20y
1995-12-31,7.372,5.012
1996-01-31,7.362,4.942
1996-02-29,7.353,4.847
1996-03-31,7.344,4.734
1996-04-30,7.337,4.76
1996-05-31,7.328,4.826
1996-06-30,7.32,4.819
1996-07-31,7.311,4.801
1996-08-31,7.303,4.849
1996-09-30,7.295,4.849
1996-10-31,7.286,4.984
1996-11-30,7.277,5.04
1996-12-31,7.269,4.896
1997-01-31,7.261,5.006
1997-02-28,7.253,5.146
1997-03-31,7.245,5.058
1997-04-30,7.238,5.091
1997-05-31,7.23,5.227
1997-06-30,7.222,5.301
1997-07-31,7.212,5.551
1997-08-31,7.203,5.442
1997-09-30,7.194,5.52
1997-10-31,7.184,5.519
1997-11-30,7.174,5.599
1997-12-31,7.163,5.786
1998-01-31,7.151,6.039
1998-02-28,7.139,6.157
1998-03-31,7.126,6.236
1998-04-30,7.113,6.291
1998-05-31,7.1,6.234
1998-06-30,7.086,6.414
1998-07-31,7.072,6.364
1998-08-31,7.058,6.121
1998-09-30,7.045,6.214
1998-10-31,7.03,6.385
1998-11-30,7.015,6.566
1998-12-31,6.999,6.599
1999-01-31,6.983,6.643
1999-02-28,6.968,6.631
1999-03-31,6.953,6.68
1999-04-30,6.937,6.766
1999-05-31,6.922,6.64
1999-06-30,6.909,6.669
1999-07-31,6.894,6.682
1999-08-31,6.88,6.561
1999-09-30,6.866,6.465
1999-10-31,6.851,6.8
1999-11-30,6.834,6.912
1999-12-31,6.819,6.901
2000-01-31,6.803,6.596
2000-02-29,6.786,6.981
2000-03-31,6.769,7.45
2000-04-30,6.751,7.028
2000-05-31,6.737,6.825
2000-06-30,6.723,6.692
2000-07-31,6.709,6.734
2000-08-31,6.693,6.943
2000-09-30,6.677,6.894
2000-10-31,6.66,6.942
2000-11-30,6.643,6.814
2000-12-31,6.625,6.957
2001-01-31,6.605,7.147
2001-02-28,6.582,7.029
2001-03-31,6.56,6.849
2001-04-30,6.537,7.033
2001-05-31,6.514,6.982
2001-06-30,6.491,6.926
2001-07-31,6.465,6.962
2001-08-31,6.438,6.882
2001-09-30,6.41,6.934
2001-10-31,6.383,6.939
2001-11-30,6.358,6.76
2001-12-31,6.333,6.825
2002-01-31,6.304,6.926
2002-02-28,6.276,6.951
2002-03-31,6.248,6.83
2002-04-30,6.22,6.626
2002-05-31,6.193,6.633
2002-06-30,6.163,6.56
2002-07-31,6.134,6.217
2002-08-31,6.107,5.912
2002-09-30,6.082,5.621
2002-10-31,6.06,5.32
2002-11-30,6.039,5.205
2002-12-31,6.017,5.143
2003-01-31,5.998,4.959
2003-02-28,5.979,4.952
2003-03-31,5.959,4.804
2003-04-30,5.941,4.727
2003-05-31,5.92,4.848
2003-06-30,5.899,4.861
2003-07-31,5.878,4.82
2003-08-31,5.858,4.874
2003-09-30,5.838,4.87
2003-10-31,5.818,4.907
2003-11-30,5.797,4.836
2003-12-31,5.776,4.908
2004-01-31,5.755,4.846
2004-02-29,5.732,4.933
2004-03-31,5.709,5.092
2004-04-30,5.686,4.984
2004-05-31,5.662,5.145
2004-06-30,5.637,5.146
2004-07-31,5.613,5.024
2004-08-31,5.589,4.871
2004-09-30,5.566,4.792
2004-10-31,5.544,4.666
2004-11-30,5.522,4.593
2004-12-31,5.5,4.537
2005-01-31,5.478,4.395
2005-02-28,5.454,4.443
2005-03-31,5.431,4.265
2005-04-30,5.41,4.271
2005-05-31,5.389,4.11
2005-06-30,5.369,4.098
2005-07-31,5.349,4.147
2005-08-31,5.329,4.132
2005-09-30,5.31,4.106
2005-10-31,5.291,4.02
2005-11-30,5.274,3.966
2005-12-31,5.258,3.877
2006-01-31,5.242,3.89
2006-02-28,5.229,3.71
2006-03-31,5.217,3.426
2006-04-30,5.208,3.316
2006-05-31,5.197,3.279
2006-06-30,5.187,3.185
2006-07-31,5.177,3.185
2006-08-31,5.168,3.099
2006-09-30,5.158,3.259
2006-10-31,5.147,3.398
2006-11-30,5.137,3.329
2006-12-31,5.126,3.274
2007-01-31,5.117,3.151
2007-02-28,5.108,3.123
2007-03-31,5.099,3.038
2007-04-30,5.089,3.125
2007-05-31,5.08,3.222
2007-06-30,5.07,3.125
2007-07-31,5.06,3.011
2007-08-31,5.049,3.058
2007-09-30,5.037,3.339
2007-10-31,5.026,3.718
2007-11-30,5.013,3.635
2007-12-31,5.0,3.625
2008-01-31,4.988,3.398
2008-02-29,4.977,3.192
2008-03-31,4.966,3.069
2008-04-30,4.954,3.235
2008-05-31,4.943,3.295
2008-06-30,4.932,3.019
2008-07-31,4.922,2.848
2008-08-31,4.911,3.034
2008-09-30,4.901,2.656
2008-10-31,4.893,2.312
2008-11-30,4.885,2.491
2008-12-31,4.875,2.82
2009-01-31,4.866,2.52
2009-02-28,4.857,2.413
2009-03-31,4.849,2.574
2009-04-30,4.84,2.616
2009-05-31,4.832,2.574
2009-06-30,4.825,2.409
2009-07-31,4.817,2.385
2009-08-31,4.809,2.462
2009-09-30,4.8,2.479
2009-10-31,4.791,2.466
2009-11-30,4.782,2.51
2009-12-31,4.774,2.446
2010-01-31,4.764,2.558
2010-02-28,4.754,2.765
2010-03-31,4.743,2.947
2010-04-30,4.731,3.039
2010-05-31,4.718,2.86
2010-06-30,4.706,2.897
2010-07-31,4.694,2.987
2010-08-31,4.679,3.287
2010-09-30,4.664,3.659
2010-10-31,4.648,3.504
2010-11-30,4.633,3.412
2010-12-31,4.619,3.371
2011-01-31,4.606,3.252
2011-02-28,4.593,3.097
2011-03-31,4.579,2.965
2011-04-30,4.566,2.918
2011-05-31,4.553,2.875
2011-06-30,4.539,2.878
2011-07-31,4.525,2.818
2011-08-31,4.51,2.766
2011-09-30,4.496,2.636
2011-10-31,4.482,2.793
2011-11-30,4.468,2.832
2011-12-31,4.455,2.769
2012-01-31,4.441,2.9
2012-02-29,4.428,2.918
2012-03-31,4.415,2.962
2012-04-30,4.401,2.995
2012-05-31,4.387,2.881
2012-06-30,4.373,3.096
2012-07-31,4.359,3.188
2012-08-31,4.345,3.16
2012-09-30,4.332,3.13
2012-10-31,4.318,3.069
2012-11-30,4.304,2.998
2012-12-31,4.291,2.949
2013-01-31,4.278,2.869
2013-02-28,4.267,2.732
2013-03-31,4.255,2.668
2013-04-30,4.244,2.739
2013-05-31,4.232,2.617
2013-06-30,4.223,2.444
2013-07-31,4.214,2.428
2013-08-31,4.206,2.208
2013-09-30,4.198,2.309
2013-10-31,4.191,2.292
2013-11-30,4.182,2.434
2013-12-31,4.175,2.326
2014-01-31,4.167,2.141
2014-02-28,4.159,2.383
2014-03-31,4.149,2.581
2014-04-30,4.138,2.63
2014-05-31,4.127,2.731
2014-06-30,4.116,2.83
2014-07-31,4.104,2.825
2014-08-31,4.092,2.898
2014-09-30,4.08,2.959
2014-10-31,4.067,3.08
2014-11-30,4.054,3.282
2014-12-31,4.04,3.233
2015-01-31,4.025,3.387
2015-02-28,4.01,3.432
2015-03-31,3.996,3.398
2015-04-30,3.982,3.385
2015-05-31,3.97,3.174
2015-06-30,3.96,3.028
2015-07-31,3.948,3.063
2015-08-31,3.937,2.951
2015-09-30,3.927,2.789
2015-10-31,3.916,2.915
2015-11-30,3.907,2.83
2015-12-31,3.898,2.684
2016-01-31,3.889,2.598
2016-02-29,3.879,2.653
2016-03-31,3.869,2.824
2016-04-30,3.857,2.779
2016-05-31,3.846,2.797
2016-06-30,3.835,2.874
2016-07-31,3.823,3.044
2016-08-31,3.811,2.962
2016-09-30,3.799,2.89
2016-10-31,3.789,2.708
2016-11-30,3.78,2.539
2016-12-31,3.771,2.61
2017-01-31,3.761,2.613
2017-02-28,3.752,2.501
2017-03-31,3.743,2.589
2017-04-30,3.733,2.588
2017-05-31,3.723,2.493
2017-06-30,3.713,2.349
2017-07-31,3.705,2.17
2017-08-31,3.696,2.23
2017-09-30,3.687,2.081
2017-10-31,3.679,2.225
2017-11-30,3.67,2.22
2017-12-31,3.662,2.08
2018-01-31,3.655,1.924
2018-02-28,3.649,1.653
2018-03-31,3.642,1.549
2018-04-30,3.636,1.51
2018-05-31,3.63,1.63
2018-06-30,3.625,1.532
2018-07-31,3.619,1.664
2018-08-31,3.614,1.959
2018-09-30,3.609,1.883
2018-10-31,3.605,1.629
2018-11-30,3.601,1.581
2018-12-31,3.597,1.377
2019-01-31,3.592,1.493
2019-02-28,3.587,1.552
2019-03-31,3.581,1.532
2019-04-30,3.575,1.487
2019-05-31,3.569,1.539
2019-06-30,3.561,1.645
2019-07-31,3.554,1.639
2019-08-31,3.545,1.821
2019-09-30,3.537,1.857
2019-10-31,3.528,1.855
2019-11-30,3.52,1.709
2019-12-31,3.512,1.61
2020-01-31,3.503,1.755
2020-02-29,3.493,1.541
2020-03-31,3.484,1.143
2020-04-30,3.474,1.543
2020-05-31,3.462,1.702
2020-06-30,3.452,1.612
2020-07-31,3.441,1.779
2020-08-31,3.43,1.648
2020-09-30,3.419,1.616
2020-10-31,3.408,1.548
2020-11-30,3.396,1.839
2020-12-31,3.385,1.793
2021-01-31,3.375,1.639
2021-02-28,3.366,1.732
2021-03-31,3.357,1.836
2021-04-30,3.347,1.8
2021-05-31,3.338,1.809
2021-06-30,3.328,1.826
2021-07-31,3.317,1.929
2021-08-31,3.307,2.056
2021-09-30,3.297,2.084
2021-10-31,3.287,2.079
2021-11-30,3.277,1.914
2021-12-31,3.267,2.014
2022-01-31,3.259,1.781
2022-02-28,3.25,1.592
2022-03-31,3.242,1.613
2022-04-30,3.235,1.289
2022-05-31,3.228,1.388
2022-06-30,3.223,1.195
2022-07-31,3.217,1.644
2022-08-31,3.213,1.323
2022-09-30,3.21,1.098
2022-10-31,3.207,1.185
2022-11-30,3.203,1.394
2022-12-31,3.198,1.18
2023-01-31,3.193,1.463
2023-02-28,3.19,1.294
2023-03-31,3.186,1.477
2023-04-30,3.181,1.355
2023-05-31,3.179,1.188
2023-06-30,3.177,1.293
2023-07-31,3.173,1.466
2023-08-31,3.17,1.355
2023-09-30,3.167,1.121
2023-10-31,3.165,1.046
2023-11-30,3.163,1.285
2023-12-31,3.16,1.401
2024-01-31,3.157,1.374
2024-02-29,3.155,1.379
2024-03-31,3.153,1.398
2024-04-30,3.151,1.427
2024-05-31,3.147,1.536
2024-06-30,3.143,1.604
2024-07-31,3.14,1.739
2024-08-31,3.136,1.714
2024-09-30,3.132,1.724
2024-10-31,3.129,1.618
2024-11-30,3.126,1.785
2024-12-31,3.124,1.666
2025-01-31,3.122,1.742
2025-02-28,3.12,1.71
2025-03-31,3.117,1.694
2025-04-30,3.115,1.67
2025-05-31,3.113,1.657
2025-06-30,3.112,1.645
2025-07-31,3.109,1.584
2025-08-31,3.107,1.681
2025-09-30,3.104,1.771
2025-10-31,3.1,1.912
2025-11-30,3.097,1.827
2025-12-31,3.094,1.742
2026-01-31,3.09,1.776
2026-02-28,3.087,1.811
2026-03-31,3.083,1.606
2026-04-30,3.08,1.809
2026-05-31,3.076,2.073
2026-06-30,3.071,1.991
