,EQ,GOV,IG,SEC,GOLD,EMD,ILB,HY
1975-12-31,3.9795,8.8852,9.675,8.7175,0.0,10.6801,,11.9944
1976-01-31,3.9623,8.7664,9.505,8.4825,0.0,10.5301,,11.8444
1976-02-29,3.9463,8.6727,9.395,8.4225,0.0,10.3601,,11.6744
1976-03-31,3.9292,8.641,9.32,8.405,0.0,10.2401,,11.5544
1976-04-30,3.9126,8.6229,9.17,8.21,0.0,10.0601,,11.3744
1976-05-31,3.8954,8.8007,9.22,8.405,0.0,9.9801,,11.2944
1976-06-30,3.8788,8.8942,9.255,8.4325,0.0,10.0101,,11.3244
1976-07-31,3.8617,8.9511,9.19,8.34,0.0,9.9401,,11.2544
1976-08-31,3.8445,8.8433,9.045,8.1775,0.0,9.7601,,11.0744
1976-09-30,3.8279,8.8016,8.89,8.01,0.0,9.5201,,10.8344
1976-10-31,3.8108,8.9075,8.805,7.7775,0.0,9.4101,,10.7244
1976-11-30,3.7942,8.5845,8.74,7.63,0.0,9.3501,,10.6644
1976-12-31,3.777,8.3979,8.55,7.325,0.0,9.2401,,10.5544
1977-01-31,3.8734,8.5362,8.52,7.55,0.0,9.2001,,10.5144
1977-02-28,3.9605,8.4963,8.58,7.705,0.0,9.2401,,10.5544
1977-03-31,4.0569,8.3836,8.61,7.77,0.0,9.2401,,10.5544
1977-04-30,4.1501,8.3466,8.555,7.6725,0.0,9.1901,,10.5044
1977-05-31,4.2465,8.2659,8.53,7.735,0.0,9.1301,,10.4444
1977-06-30,4.3398,8.2348,8.43,7.595,0.0,9.0301,,10.3444
1977-07-31,4.4362,8.3666,8.405,7.6225,0.0,8.9901,,10.3044
1977-08-31,4.5325,8.184,8.4,7.715,0.0,8.9401,,10.2544
1977-09-30,4.6258,8.1105,8.36,7.7,0.0,8.9201,,10.2344
1977-10-31,4.7222,8.1651,8.465,7.8925,0.0,9.0101,,10.3244
1977-11-30,4.8155,8.1823,8.515,7.9275,0.0,9.0701,,10.3844
1977-12-31,4.9118,8.2975,8.59,8.035,0.0,9.1101,,10.4244
1978-01-31,4.9242,8.3871,8.79,8.28,0.0,9.2901,,10.6044
1978-02-28,4.9354,8.4285,8.835,8.3325,0.0,9.3201,,10.6344
1978-03-31,4.9478,8.5371,8.845,8.3525,0.0,9.3401,,10.6544
1978-04-30,4.9598,8.6371,8.94,8.46,0.0,9.4401,,10.7544
1978-05-31,4.9722,8.8049,9.09,8.635,0.0,9.6101,,10.9244
1978-06-30,4.9842,8.9429,9.18,8.77,0.0,9.7201,,11.0344
1978-07-31,4.9966,8.9089,9.24,8.89,0.0,9.7201,,11.0344
1978-08-31,5.009,8.8092,9.085,8.7075,0.0,9.6001,,10.9144
1978-09-30,5.021,8.9085,9.055,8.7425,0.0,9.5401,,10.8544
1978-10-31,5.0334,9.1816,9.24,8.925,0.0,9.7101,,11.0244
1978-11-30,5.0454,9.2015,9.43,9.135,0.0,9.9501,,11.2644
1978-12-31,5.0578,9.3689,9.55,9.315,0.0,10.0601,,11.3744
1979-01-31,5.0079,9.2999,9.69,9.445,0.0,10.2501,,11.5644
1979-02-28,4.9628,9.5311,9.67,9.4,0.0,10.2001,,11.5144
1979-03-31,4.9129,9.2885,9.815,9.5075,0.0,10.3801,,11.6944
1979-04-30,4.8646,9.3526,9.855,9.5525,0.0,10.4501,,11.7644
1979-05-31,4.8148,9.3288,9.985,9.6125,0.0,10.5901,,11.9044
1979-06-30,4.7665,9.3819,9.835,9.3425,0.0,10.5001,,11.8144
1979-07-31,4.7166,9.5197,9.745,9.3225,0.0,10.4101,,11.7244
1979-08-31,4.6667,9.6653,9.79,9.425,0.0,10.4701,,11.7844
1979-09-30,4.6184,9.8067,9.99,9.7,0.0,10.6601,,11.9744
1979-10-31,4.5685,10.6714,10.765,10.6975,0.0,11.5201,,12.8344
1979-11-30,4.5202,10.7721,11.375,11.1525,0.0,12.1101,14.7659,13.4244
1979-12-31,4.4704,10.8184,11.4,10.91,0.0,12.1801,15.2417,13.4944
1980-01-31,4.438,11.2514,11.755,11.2475,0.0,12.5401,16.5101,13.8544
1980-02-29,4.4078,12.4944,12.975,12.7875,0.0,13.6901,18.2479,15.0044
1980-03-31,4.3755,12.6841,13.705,13.5875,0.0,14.5701,18.4493,15.8844
1980-04-30,4.3442,11.4477,13.115,12.4775,0.0,14.3101,16.4247,15.6244
1980-05-31,4.3118,10.8397,12.08,11.015,0.0,13.2901,15.6202,14.6044
1980-06-30,4.2806,10.6595,11.645,10.4275,0.0,12.8301,15.1792,14.1444
1980-07-31,4.2482,10.9726,11.86,10.695,0.0,12.7701,14.6437,14.0844
1980-08-31,4.2159,11.5381,12.395,11.6175,0.0,13.2701,15.0925,14.5844
1980-09-30,4.1846,11.7895,12.86,12.24,0.0,13.8201,15.2069,15.1344
1980-10-31,4.1523,12.1901,13.27,12.565,0.0,14.3501,15.6027,15.6644
1980-11-30,4.121,12.4114,13.805,13.3175,0.0,14.7601,15.7959,16.0744
1980-12-31,4.0887,12.3216,14.175,13.7125,0.0,15.2601,15.1709,16.5744
1981-01-31,4.1332,12.5351,13.92,13.345,0.0,15.1501,14.8184,16.4644
1981-02-28,4.1734,13.1463,14.36,13.885,0.0,15.4901,15.1319,16.8044
1981-03-31,4.218,13.0059,14.335,13.8725,0.0,15.4601,14.0335,16.7744
1981-04-30,4.2611,13.6015,14.72,14.355,0.0,15.6801,14.5297,16.9944
1981-05-31,4.3056,13.7247,15.135,14.8825,0.0,16.0701,13.5743,17.3844
1981-06-30,4.3487,13.9315,14.775,14.3625,0.0,15.9201,13.8397,17.2344
1981-07-31,4.3933,14.5166,15.275,15.0325,0.0,16.2901,15.7087,17.6044
1981-08-31,4.4378,14.9938,15.615,15.5875,0.0,16.4601,16.4722,17.7744
1981-09-30,4.4809,15.3342,16.205,16.0675,0.0,17.0401,17.0294,18.3544
1981-10-31,4.5254,14.6096,16.255,15.8325,0.0,17.2301,15.1171,18.5444
1981-11-30,4.5685,13.4914,15.305,14.3425,0.0,16.5101,12.9285,17.8244
1981-12-31,4.6131,13.9545,15.39,14.495,0.0,16.6701,13.1253,17.9844
1982-01-31,4.5908,14.1077,16.14,15.395,0.0,17.2201,12.6545,18.5344
1982-02-28,4.5708,13.9123,16.225,15.3825,0.0,17.3001,11.935,18.6144
1982-03-31,4.5485,13.7971,15.7,14.84,0.0,16.9401,11.4004,18.2544
1982-04-30,4.527,13.5632,15.62,14.81,0.0,16.9001,10.8741,18.2144
1982-05-31,4.5048,13.3764,15.45,14.6,0.0,16.7601,11.0453,18.0744
1982-06-30,4.4833,13.9058,15.865,15.1475,0.0,17.0401,12.0814,18.3544
1982-07-31,4.461,13.4637,15.705,14.8875,0.0,16.9201,10.7403,18.2344
1982-08-31,4.4388,12.6963,15.015,14.0075,0.0,16.4401,9.3294,17.7544
1982-09-30,4.4173,11.8692,14.285,13.2675,0.0,15.7501,7.2894,17.0644
1982-10-31,4.3951,11.0753,13.425,12.1125,0.0,14.8501,6.4219,16.1644
1982-11-30,4.3735,11.0514,12.99,11.685,0.0,14.4201,6.0146,15.7344
1982-12-31,4.3513,10.7973,12.985,11.6025,0.0,14.2601,5.0071,15.5744
1983-01-31,4.2949,11.0042,12.865,11.4475,0.0,14.0601,5.4029,15.3744
1983-02-28,4.244,10.6852,12.98,11.62,0.0,14.0701,4.7249,15.3844
1983-03-31,4.1876,10.77,12.67,11.375,0.0,13.7301,5.2521,15.0444
1983-04-30,4.1331,10.5282,12.4,11.21,0.0,13.4101,5.3762,14.7244
1983-05-31,4.0767,10.839,12.275,11.1525,0.0,13.2101,5.4272,14.5244
1983-06-30,4.0221,10.9812,12.555,11.5925,0.0,13.4901,4.6907,14.8044
1983-07-31,3.9657,11.4838,12.77,11.99,0.0,13.5101,5.4552,14.8244
1983-08-31,3.9094,11.6651,13.075,12.3525,0.0,13.7601,5.8494,15.0744
1983-09-30,3.8548,11.3229,12.96,12.195,0.0,13.6701,5.6875,14.9844
1983-10-31,3.7984,11.4408,12.855,12.0675,0.0,13.5801,6.0457,14.8944
1983-11-30,3.7439,11.3348,13.01,12.21,0.0,13.7301,6.4095,15.0444
1983-12-31,3.6875,11.4686,13.16,12.35,0.0,13.8701,7.2774,15.1844
1984-01-31,3.6819,11.3557,12.925,12.1475,0.0,13.7701,7.6774,15.0844
1984-02-29,3.6767,11.5748,12.835,12.1875,0.0,13.7101,8.4924,15.0244
1984-03-31,3.6712,11.8985,13.28,12.65,0.0,14.1101,9.2196,15.4244
1984-04-30,3.6658,12.0945,13.56,12.965,0.0,14.4301,9.2123,15.7444
1984-05-31,3.6602,12.8222,14.01,13.59,0.0,14.8601,10.1248,16.1744
1984-06-30,3.6549,12.8254,14.3,13.89,0.0,15.1701,10.0878,16.4844
1984-07-31,3.6493,12.3385,14.295,13.7825,0.0,15.2701,9.1814,16.5844
1984-08-31,3.6438,12.0912,13.75,13.215,0.0,14.7501,9.0887,16.0644
1984-09-30,3.6384,11.7783,13.505,13.0175,0.0,14.4701,8.7954,15.7844
1984-10-31,3.6328,11.2173,13.285,12.6725,0.0,14.0601,8.1373,15.3744
1984-11-30,3.6274,11.0237,12.885,12.1075,0.0,13.6001,7.8549,14.9144
1984-12-31,3.6219,11.0133,12.765,11.9175,0.0,13.5201,7.7536,14.8344
1985-01-31,3.5743,10.781,12.67,11.8,0.0,13.3801,6.9001,14.6944
1985-02-28,3.5312,11.3071,12.68,11.905,0.0,13.3501,7.7627,14.6644
1985-03-31,3.4836,11.1767,13.125,12.3225,0.0,13.8101,7.7262,15.1244
1985-04-30,3.4375,10.8951,12.87,11.94,0.0,13.6301,7.3188,14.9444
1985-05-31,3.3899,10.1744,12.435,11.3875,0.0,13.2701,6.2221,14.5844
1985-06-30,3.3438,10.1271,11.67,10.635,0.0,12.5201,6.3202,13.8344
1985-07-31,3.2962,10.2333,11.7,10.7,0.0,12.5501,6.4737,13.8644
1985-08-31,3.2486,10.0402,11.775,10.7925,0.0,12.6201,6.118,13.9344
1985-09-30,3.2025,10.0436,11.775,10.7925,0.0,12.6001,6.0832,13.9144
1985-10-31,3.1548,9.8307,11.69,10.69,0.0,12.4801,5.8104,13.7944
1985-11-30,3.1088,9.5363,11.27,10.275,0.0,12.1101,5.7055,13.4244
1985-12-31,3.0611,9.171,10.87,9.8,0.0,11.7001,5.4263,13.0144
1986-01-31,3.0089,9.2045,10.745,9.7125,0.0,11.5601,5.7192,12.8744
1986-02-28,2.9618,8.5197,10.39,9.365,0.0,11.2301,4.0314,12.5444
1986-03-31,2.9096,7.8114,9.75,8.605,0.0,10.6201,2.2924,11.9344
1986-04-30,2.859,7.5507,9.49,8.27,0.0,10.3101,1.7677,11.6244
1986-05-31,2.8068,8.022,9.69,8.605,0.0,10.4101,2.5765,11.7244
1986-06-30,2.7563,7.6863,9.735,8.6875,0.0,10.4601,2.0116,11.7744
1986-07-31,2.7041,7.6564,9.52,8.29,0.0,10.2801,1.9524,11.5944
1986-08-31,2.6519,7.3521,9.45,8.125,0.0,10.3001,1.5135,11.6144
1986-09-30,2.6014,7.784,9.545,8.2325,0.0,10.3201,2.2401,11.6344
1986-10-31,2.5492,7.8936,9.55,8.19,0.0,10.3601,1.9847,11.6744
1986-11-30,2.4987,7.8544,9.375,8.0675,0.0,10.1901,1.5592,11.5044
1986-12-31,2.4465,7.8897,9.23,7.95,0.0,10.0901,1.5741,11.4044
1987-01-31,2.4527,7.6336,9.04,7.84,0.0,9.8401,1.7337,11.1544
1987-02-28,2.4583,7.6437,9.015,7.9025,0.0,9.7701,2.3279,11.0844
1987-03-31,2.4646,7.6585,8.985,7.8875,0.0,9.7301,3.6049,11.0444
1987-04-30,2.4706,8.0767,9.445,8.5075,0.0,10.1601,5.1706,11.4744
1987-05-31,2.4768,8.2666,9.92,9.09,0.0,10.6301,5.466,11.9444
1987-06-30,2.4829,8.2825,9.92,8.97,0.0,10.6401,5.4586,11.9544
1987-07-31,2.4891,8.5462,10.015,9.0125,0.0,10.7301,5.9407,12.0444
1987-08-31,2.4953,8.9473,10.235,9.2775,0.0,10.9201,6.6616,12.2344
1987-09-30,2.5014,9.4349,10.745,9.8425,0.0,11.4301,7.2939,12.7444
1987-10-31,2.5076,9.053,11.07,10.075,0.0,11.7401,6.6439,13.0544
1987-11-30,2.5136,8.8284,10.62,9.485,0.0,11.3501,6.9453,12.6644
1987-12-31,2.5199,8.813,10.7,9.575,0.0,11.4101,6.608,12.7244
1988-01-31,2.4939,8.4473,10.475,9.3275,0.0,11.1901,5.8575,12.5044
1988-02-29,2.4695,8.2318,10.01,8.86,0.0,10.7401,5.5831,12.0544
1988-03-31,2.4435,8.4505,9.98,8.905,0.0,10.6901,5.9111,12.0044
1988-04-30,2.4183,8.6466,10.285,9.2375,0.0,11.0201,6.3924,12.3344
1988-05-31,2.3923,8.9232,10.47,9.525,0.0,11.1601,6.7382,12.4744
1988-06-30,2.3671,8.6686,10.43,9.46,0.0,11.1201,6.3696,12.4344
1988-07-31,2.3411,8.9055,10.535,9.5975,0.0,11.2301,6.8649,12.5444
1988-08-31,2.315,9.0536,10.66,9.8,0.0,11.3301,7.008,12.6444
1988-09-30,2.2899,8.7968,10.36,9.525,0.0,11.0201,6.7367,12.3344
1988-10-31,2.2638,8.5498,9.96,9.235,0.0,10.5301,6.6316,11.8444
1988-11-30,2.2386,8.814,9.965,9.3775,0.0,10.6001,7.0654,11.9144
1988-12-31,2.2126,8.9056,10.11,9.6,0.0,10.7701,7.3492,12.0844
1989-01-31,2.2006,7.8936,10.135,9.6425,0.0,10.7701,7.3299,12.0844
1989-02-28,2.1897,8.0921,10.125,9.6975,0.0,10.7301,7.8476,12.0444
1989-03-31,2.1776,8.1929,10.235,9.8725,0.0,10.7901,8.1178,12.1044
1989-04-30,2.166,8.07,10.2,9.75,0.0,10.7301,8.0247,12.0444
1989-05-31,2.1539,7.8679,10.015,9.4625,0.0,10.5801,7.8923,11.8944
1989-06-30,2.1423,7.6324,9.565,8.9275,0.0,10.1501,7.3344,11.4644
1989-07-31,2.1302,7.4057,9.4,8.615,0.0,9.9901,7.0014,11.3044
1989-08-31,2.1182,7.5282,9.42,8.755,0.0,10.0001,7.0601,11.3144
1989-09-30,2.1065,7.6731,9.46,8.815,0.0,10.0301,6.9855,11.3444
1989-10-31,2.0945,7.5748,9.365,8.6675,0.0,9.9301,6.8098,11.2444
1989-11-30,2.0828,7.6493,9.35,8.58,0.0,9.9301,6.8639,11.2444
1989-12-31,2.0708,7.7352,9.34,8.545,0.0,9.9401,7.0102,11.2544
1990-01-31,2.1214,8.2686,9.465,8.7925,0.0,10.0601,8.1409,11.3744
1990-02-28,2.1671,8.5695,9.68,9.05,0.0,10.2601,8.3602,11.5744
1990-03-31,2.2177,8.7869,9.79,9.195,0.0,10.3301,8.5523,11.6444
1990-04-30,2.2667,9.0049,9.88,9.325,0.0,10.4201,8.4989,11.7344
1990-05-31,2.3173,8.6633,9.94,9.34,0.0,10.5301,7.7965,11.8444
1990-06-30,2.3663,8.5186,9.74,9.085,0.0,10.3401,8.0147,11.6544
1990-07-31,2.4169,8.5291,9.72,9.025,0.0,10.3201,8.1598,11.6344
1990-08-31,2.4675,9.0625,9.91,9.175,0.0,10.5301,9.6032,11.8444
1990-09-30,2.5165,9.198,10.1,9.305,0.0,10.7601,10.0853,12.0744
1990-10-31,2.5671,8.99,10.135,9.2325,0.0,10.8601,10.1771,12.1744
1990-11-30,2.6161,8.6078,9.96,8.99,0.0,10.7401,9.6565,12.0544
1990-12-31,2.6667,8.2875,9.74,8.735,0.0,10.5501,9.5869,11.8644
1991-01-31,2.6585,8.2263,9.745,8.7225,0.0,10.5701,8.9803,11.8844
1991-02-28,2.6511,8.0094,9.45,8.46,0.0,10.1901,8.6864,11.5044
1991-03-31,2.6428,8.3904,9.51,8.64,0.0,10.2101,8.2733,11.5244
1991-04-30,2.6349,8.3398,9.4,8.55,0.0,10.0601,8.2764,11.3744
1991-05-31,2.6267,8.3577,9.36,8.53,0.0,9.9801,8.581,11.2944
1991-06-30,2.6187,8.5127,9.485,8.7125,0.0,10.0801,8.4637,11.3944
1991-07-31,2.6105,8.498,9.445,8.6775,0.0,10.0101,8.149,11.3244
1991-08-31,2.6023,8.2382,9.2,8.315,0.0,9.7701,7.2591,11.0844
1991-09-30,2.5943,7.9252,9.06,8.1,0.0,9.6301,6.569,10.9444
1991-10-31,2.5861,7.8383,9.02,7.945,0.0,9.6101,6.0832,10.9244
1991-11-30,2.5782,7.7955,8.965,7.7925,0.0,9.5701,6.2655,10.8844
1991-12-31,2.5699,7.4427,8.785,7.4875,0.0,9.3801,5.559,10.6944
1992-01-31,2.5736,7.5382,8.665,7.4525,0.0,9.2501,5.8975,10.5644
1992-02-29,2.577,7.5431,8.76,7.67,0.0,9.3501,6.0438,10.6644
1992-03-31,2.5806,7.714,8.8,7.875,0.0,9.3701,6.7155,10.6844
1992-04-30,2.5841,7.7786,8.77,7.775,0.0,9.3301,6.8071,10.6444
1992-05-31,2.5877,7.6137,8.705,7.6975,0.0,9.2501,6.4003,10.5644
1992-06-30,2.5912,7.5422,8.635,7.5575,0.0,9.1701,6.2361,10.4844
1992-07-31,2.5949,7.3285,8.455,7.1475,0.0,8.9601,5.9869,10.2744
1992-08-31,2.5985,7.2297,8.3,6.95,0.0,8.7701,5.8285,10.0844
1992-09-30,2.602,7.0598,8.27,6.825,0.0,8.7401,5.5128,10.0544
1992-10-31,2.6056,7.1766,8.415,7.0075,0.0,8.9601,6.2445,10.2744
1992-11-30,2.6091,7.0993,8.53,7.285,0.0,9.0801,6.2464,10.3944
1992-12-31,2.6128,7.011,8.395,7.2375,0.0,8.9301,5.8498,10.2444
1993-01-31,2.5848,6.8069,8.29,7.06,0.0,8.7901,5.8307,10.1044
1993-02-28,2.5595,6.4883,8.05,6.74,0.0,8.5101,5.4656,9.8244
1993-03-31,2.5315,6.3692,7.865,6.5275,0.0,8.2701,5.2431,9.5844
1993-04-30,2.5044,6.452,7.8,6.465,0.0,8.2601,5.4071,9.5744
1993-05-31,2.4764,6.5863,7.82,6.51,0.0,8.3301,5.5837,9.6444
1993-06-30,2.4493,6.3347,7.7,6.46,0.0,8.1901,4.996,9.5044
1993-07-31,2.4213,6.1677,7.55,6.32,0.0,8.0501,4.8711,9.3644
1993-08-31,2.3933,5.8045,7.225,6.1275,0.0,7.7201,4.4818,9.0344
1993-09-30,2.3662,5.636,7.0,5.865,0.0,7.4601,4.3549,8.7744
1993-10-31,2.3382,5.5625,6.99,5.85,0.0,7.4301,4.3732,8.7444
1993-11-30,2.3111,5.714,7.295,6.1775,0.0,7.7801,4.7689,9.0944
1993-12-31,2.2831,5.5381,7.31,6.23,0.0,7.8101,4.8435,9.1244
1994-01-31,2.2825,5.4875,7.285,6.1875,0.0,7.7701,4.3688,9.0844
1994-02-28,2.2819,5.8774,7.42,6.41,0.0,7.8801,4.9017,9.1944
1994-03-31,2.2812,6.4069,7.805,6.8725,0.0,8.2501,5.6764,9.5644
1994-04-30,2.2806,6.5451,8.2,7.36,0.0,8.6401,5.6973,9.9544
1994-05-31,2.2799,6.6658,8.305,7.5425,0.0,8.7401,5.7484,10.0544
1994-06-30,2.2793,6.9998,8.31,7.505,0.0,8.7701,6.14,10.0844
1994-07-31,2.2787,6.9464,8.455,7.6825,0.0,8.9201,6.1376,10.2344
1994-08-31,2.278,7.1018,8.405,7.6425,0.0,8.8601,6.4208,10.1744
1994-09-30,2.2774,7.3749,8.66,7.87,0.0,9.1001,6.9268,10.4144
1994-10-31,2.2767,7.4791,8.885,8.1425,0.0,9.3201,6.7749,10.6344
1994-11-30,2.2761,7.5101,9.0,8.36,0.0,9.4401,6.8807,10.7544
1994-12-31,2.2754,7.4343,8.78,8.28,0.0,9.2201,6.8174,10.5344
1995-01-31,2.2619,7.4071,8.77,8.265,0.0,9.2001,6.8563,10.5144
1995-02-28,2.2497,7.166,8.555,7.9625,0.0,8.9701,6.4747,10.2844
1995-03-31,2.2363,7.0913,8.41,7.73,0.0,8.8201,6.3872,10.1344
1995-04-30,2.2232,6.849,8.315,7.5875,0.0,8.7201,6.5988,10.0344
1995-05-31,2.2097,6.3511,7.925,7.1675,0.0,8.3201,5.8263,9.6344
1995-06-30,2.1966,6.2086,7.6,6.765,0.0,8.0201,5.6654,9.3344
1995-07-31,2.1831,6.3118,7.725,6.8675,0.0,8.1601,5.6982,9.4744
1995-08-31,2.1697,6.2513,7.88,7.06,0.0,8.3101,5.3216,9.6244
1995-09-30,2.1566,6.114,7.625,6.8125,0.0,8.0501,5.1452,9.3644
1995-10-31,2.1431,6.0637,7.435,6.6475,0.0,7.8701,5.2084,9.1844
1995-11-30,2.13,5.8642,7.35,6.52,0.0,7.8001,4.8052,9.1144
1995-12-31,2.1165,5.6646,7.155,6.3325,0.0,7.6101,4.5638,8.9244
1996-01-31,2.1118,5.6162,7.14,6.25,0.0,7.5901,4.8528,8.9044
1996-02-29,2.1074,5.9516,7.31,6.345,0.0,7.7501,5.3131,9.0644
1996-03-31,2.1027,6.1252,7.69,6.83,0.0,8.1501,5.6442,9.4644
1996-04-30,2.0981,6.2287,7.845,7.0725,0.0,8.3101,5.9426,9.6244
1996-05-31,2.0934,6.3047,7.96,7.22,0.0,8.4201,6.1175,9.7344
1996-06-30,2.0889,6.236,8.055,7.3725,0.0,8.5201,5.9831,9.8344
1996-07-31,2.0841,6.238,8.0,7.32,0.0,8.4701,6.1049,9.7844
1996-08-31,2.0794,6.2374,7.82,7.105,0.0,8.3001,6.1835,9.6144
1996-09-30,2.0749,6.043,8.005,7.3025,0.0,8.4701,6.1254,9.7844
1996-10-31,2.0702,5.7178,7.73,7.0,0.0,8.1901,5.8202,9.5044
1996-11-30,2.0656,5.5035,7.445,6.7075,0.0,7.9101,5.685,9.2244
1996-12-31,2.0609,5.6145,7.545,6.8075,0.0,8.0101,6.1625,9.3244
1997-01-31,2.0405,5.6621,7.755,7.0425,0.0,8.2101,5.9079,9.5244
1997-02-28,2.0221,5.5729,7.625,6.9125,0.0,8.0601,5.9227,9.3744
1997-03-31,2.0017,5.8036,7.865,7.2025,0.0,8.3001,6.0163,9.6144
1997-04-30,1.9819,5.735,8.035,7.3975,0.0,8.4601,5.4958,9.7744
1997-05-31,1.9615,5.7043,7.89,7.23,0.0,8.3201,5.2612,9.6344
1997-06-30,1.9418,5.5868,7.715,7.0475,0.0,8.1401,5.1095,9.4544
1997-07-31,1.9214,5.259,7.445,6.7825,0.0,7.8701,4.5663,9.1844
1997-08-31,1.901,5.3936,7.52,6.84,0.0,7.9401,5.0274,9.2544
1997-09-30,1.8813,5.2156,7.425,6.7675,0.0,7.8201,4.7538,9.1344
1997-10-31,1.8609,5.0085,7.285,6.6075,0.0,7.6901,4.3593,9.0044
1997-11-30,1.8412,5.0012,7.145,6.4725,0.0,7.5401,4.2057,8.8544
1997-12-31,1.8208,4.88,7.04,6.405,0.0,7.4401,3.9243,8.7544
1998-01-31,1.7993,4.6995,6.9,6.16,0.0,7.3101,3.6592,8.6244
1998-02-28,1.78,4.7266,6.96,6.225,0.0,7.3701,3.5791,8.6844
1998-03-31,1.7585,4.6869,7.02,6.315,0.0,7.4401,3.5861,8.7544
1998-04-30,1.7378,4.6731,7.01,6.31,0.0,7.4501,3.679,8.7644
1998-05-31,1.7163,4.5955,6.995,6.3125,0.0,7.4201,3.8283,8.7344
1998-06-30,1.6956,4.4741,6.83,6.175,0.0,7.2501,3.6622,8.5644
1998-07-31,1.6741,4.5136,6.85,6.155,0.0,7.2701,3.8648,8.5844
1998-08-31,1.6527,4.2196,6.83,6.05,0.0,7.2601,3.3069,8.5744
1998-09-30,1.6319,3.7503,6.745,5.6825,0.0,7.2101,2.5297,8.5244
1998-10-31,1.6105,3.7545,6.775,5.4775,0.0,7.3001,2.8121,8.6144
1998-11-30,1.5897,3.8258,6.875,5.7075,0.0,7.4601,2.9333,8.7744
1998-12-31,1.5683,3.7843,6.725,5.5875,0.0,7.3501,2.9894,8.6644
1999-01-31,1.557,3.8364,6.765,5.6825,0.0,7.4101,3.0826,8.7244
1999-02-28,1.5469,4.2011,6.895,5.9025,0.0,7.5101,3.7374,8.8244
1999-03-31,1.5357,4.1865,7.075,6.1075,0.0,7.6501,3.7855,8.9644
1999-04-30,1.5249,4.1236,7.06,6.07,0.0,7.6001,4.4712,8.9144
1999-05-31,1.5136,4.2716,7.325,6.3825,0.0,7.8401,4.5876,9.1544
1999-06-30,1.5028,4.518,7.625,6.7175,0.0,8.1401,4.6589,9.4544
1999-07-31,1.4916,4.6655,7.57,6.625,0.0,8.0701,4.9722,9.3844
1999-08-31,1.4804,4.7933,7.775,6.8075,0.0,8.2701,5.1716,9.5844
1999-09-30,1.4695,4.7905,7.795,6.7975,0.0,8.3201,5.4723,9.6344
1999-10-31,1.4583,4.916,7.965,6.9975,0.0,8.5001,5.5417,9.8144
1999-11-30,1.4474,4.9005,7.755,6.8625,0.0,8.2701,5.7765,9.5844
1999-12-31,1.4362,5.0418,7.87,7.03,0.0,8.3101,6.1189,9.6244
2000-01-31,1.4349,5.2622,8.055,7.3175,0.0,8.4501,6.4855,9.7644
2000-02-29,1.4337,5.146,7.985,7.3325,0.0,8.4101,6.6676,9.7244
2000-03-31,1.4324,4.9104,8.025,7.2625,0.0,8.4901,6.834,9.8044
2000-04-30,1.4311,4.9436,8.02,7.14,0.0,8.5201,6.2999,9.8344
2000-05-31,1.4298,5.021,8.445,7.5675,0.0,9.0201,6.4888,10.3344
2000-06-30,1.4286,4.8305,8.075,7.1875,0.0,8.6001,6.8391,9.9144
2000-07-31,1.4273,4.8588,8.0,7.09,0.0,8.4701,6.7236,9.7844
2000-08-31,1.426,4.7344,7.905,6.9825,0.0,8.3801,6.1852,9.6944
2000-09-30,1.4247,4.8077,7.985,6.9575,0.0,8.4701,6.383,9.7844
2000-10-31,1.4234,4.7547,7.945,6.8625,0.0,8.4601,6.3712,9.7744
2000-11-30,1.4221,4.5999,7.865,6.7825,0.0,8.4001,6.098,9.7144
2000-12-31,1.4208,4.3279,7.615,6.3925,0.0,8.1401,5.7533,9.4544
2001-01-31,1.4399,4.3049,7.54,6.2,0.0,8.0501,6.1246,9.3644
2001-02-28,1.4571,4.1665,7.485,6.1875,0.0,7.9901,5.6776,9.3044
2001-03-31,1.4761,4.0796,7.41,6.025,0.0,7.9601,5.156,9.2744
2001-04-30,1.4945,4.3585,7.635,6.1975,0.0,8.1901,5.8251,9.5044
2001-05-31,1.5136,4.4513,7.68,6.305,0.0,8.1901,6.2622,9.5044
2001-06-30,1.532,4.4133,7.575,6.1925,0.0,8.0901,5.8956,9.4044
2001-07-31,1.5511,4.3072,7.55,6.155,0.0,8.0901,5.0868,9.4044
2001-08-31,1.5701,4.147,7.435,6.0025,0.0,7.9701,4.8758,9.2844
2001-09-30,1.5886,4.0286,7.6,5.86,0.0,8.1501,4.5032,9.4644
2001-10-31,1.6076,3.8393,7.47,5.69,0.0,8.0301,3.7447,9.3444
2001-11-30,1.626,3.9792,7.39,5.68,0.0,7.9301,4.0011,9.2444
2001-12-31,1.6451,4.2003,7.41,5.9,0.0,8.1701,4.0119,9.4844
2002-01-31,1.6855,4.2401,7.21,5.775,0.0,7.9901,3.6165,9.3044
2002-02-28,1.7219,4.191,7.2,5.75,0.0,8.0101,3.3809,9.3244
2002-03-31,1.7623,4.4958,7.46,6.1,0.0,8.2301,4.1627,9.5444
2002-04-30,1.8014,4.3594,7.395,6.0225,0.0,8.1501,4.1466,9.4644
2002-05-31,1.8417,4.3431,7.42,5.955,0.0,8.2101,3.7283,9.5244
2002-06-30,1.8808,4.1858,7.29,5.74,0.0,8.0701,3.3529,9.3844
2002-07-31,1.9212,3.983,7.215,5.5125,0.0,8.0201,3.4134,9.3344
2002-08-31,1.9615,3.7246,6.975,5.1325,0.0,7.7001,3.3363,9.0144
2002-09-30,2.0006,3.4035,6.775,4.8575,0.0,7.5201,2.6072,8.8344
2002-10-31,2.041,3.5654,7.025,4.9875,0.0,7.8501,3.4286,9.1644
2002-11-30,2.08,3.6602,6.965,5.0075,0.0,7.7401,3.9523,9.0544
2002-12-31,2.1204,3.448,6.83,4.93,0.0,7.5701,3.7931,8.8844
2003-01-31,2.1206,3.4376,6.76,4.905,0.0,7.4701,4.9475,8.7844
2003-02-28,2.1207,3.2522,6.505,4.7025,0.0,7.1801,4.9161,8.4944
2003-03-31,2.1209,3.301,6.42,4.6,0.0,7.0701,5.0552,8.3844
2003-04-30,2.1211,3.3575,6.295,4.6125,0.0,6.9701,4.3351,8.2844
2003-05-31,2.1212,3.008,5.8,4.16,0.0,6.5001,3.6642,7.8144
2003-06-30,2.1214,2.9946,5.58,3.925,0.0,6.3101,3.8488,7.6244
2003-07-31,2.1216,3.6076,6.055,4.4625,0.0,6.7401,4.4656,8.0544
2003-08-31,2.1217,3.7522,6.445,4.9075,0.0,7.1301,4.5061,8.4444
2003-09-30,2.1219,3.5617,6.255,4.7175,0.0,6.9101,4.3283,8.2244
2003-10-31,2.1221,3.7517,6.215,4.7025,0.0,6.8501,3.9719,8.1644
2003-11-30,2.1222,3.7778,6.155,4.7225,0.0,6.7801,3.9584,8.0944
2003-12-31,2.1224,3.7134,6.11,4.69,0.0,6.7201,4.0352,8.0344
2004-01-31,2.1209,3.6211,5.99,4.555,0.0,6.5601,3.8763,7.8744
2004-02-29,2.1196,3.5086,5.885,4.4775,0.0,6.3901,3.2985,7.7044
2004-03-31,2.1182,3.4411,5.72,4.255,0.0,6.2301,3.2201,7.5444
2004-04-30,2.1168,3.8259,6.095,4.7425,0.0,6.5801,4.4026,7.8944
2004-05-31,2.1154,3.9331,6.395,5.1225,0.0,6.8701,4.8978,8.1844
2004-06-30,2.114,4.0102,6.395,5.1625,0.0,6.9001,5.2677,8.2144
2004-07-31,2.1126,3.9212,6.22,4.955,0.0,6.7401,4.9496,8.0544
2004-08-31,2.1111,3.6668,6.055,4.7625,0.0,6.5801,4.3274,7.8944
2004-09-30,2.1097,3.6096,5.865,4.6125,0.0,6.3901,4.3092,7.7044
2004-10-31,2.1083,3.5506,5.84,4.595,0.0,6.3301,4.8209,7.6444
2004-11-30,2.1069,3.6369,5.86,4.695,0.0,6.3201,5.3716,7.6344
2004-12-31,2.1055,3.5054,5.81,4.705,0.0,6.2701,5.0223,7.5844
2005-01-31,2.1094,3.4318,5.69,4.7,0.0,6.1401,4.4949,7.4544
2005-02-28,2.113,3.547,5.51,4.64,0.0,5.9401,4.753,7.2544
2005-03-31,2.1169,3.6446,5.73,4.95,0.0,6.1801,4.9968,7.4944
2005-04-30,2.1207,3.4383,5.69,4.845,0.0,6.1701,4.9718,7.4844
2005-05-31,2.1246,3.2879,5.58,4.715,0.0,6.1301,4.4993,7.4444
2005-06-30,2.1284,3.1793,5.41,4.59,0.0,5.9801,4.211,7.2944
2005-07-31,2.1323,3.3756,5.505,4.7425,0.0,6.0701,4.9872,7.3844
2005-08-31,2.1362,3.2904,5.525,4.8225,0.0,6.0801,5.2969,7.3944
2005-09-30,2.14,3.3936,5.58,4.795,0.0,6.1501,6.5218,7.4644
2005-10-31,2.1439,3.5617,5.825,5.0775,0.0,6.4201,6.3501,7.7344
2005-11-30,2.1477,3.5636,5.905,5.1775,0.0,6.5101,5.4585,7.8244
2005-12-31,2.1517,3.4925,5.845,5.1175,0.0,6.4401,5.3985,7.7544
2006-01-31,2.153,3.5469,5.765,5.0575,0.0,6.3601,6.0188,7.6744
2006-02-28,2.1542,3.6163,5.81,5.19,0.0,6.3901,5.6583,7.7044
2006-03-31,2.1555,3.8387,5.97,5.345,0.0,6.5301,5.7679,7.8444
2006-04-30,2.1568,4.0585,6.26,5.58,0.0,6.8001,6.0038,8.1144
2006-05-31,2.1581,4.0796,6.35,5.675,0.0,6.8701,6.4573,8.1844
2006-06-30,2.1594,4.108,6.335,5.7025,0.0,6.9001,6.7217,8.2144
2006-07-31,2.1608,4.0531,6.305,5.6725,0.0,6.8801,6.5147,8.1944
2006-08-31,2.1621,3.8516,6.135,5.4775,0.0,6.7101,6.1666,8.0244
2006-09-30,2.1634,3.7533,5.97,5.32,0.0,6.5501,4.2821,7.8644
2006-10-31,2.1647,3.7758,5.965,5.3275,0.0,6.5401,3.7463,7.8544
2006-11-30,2.166,3.6777,5.765,5.1725,0.0,6.3201,4.1287,7.6344
2006-12-31,2.1673,3.7917,5.77,5.15,0.0,6.3401,4.934,7.6544
2007-01-31,2.1734,3.9398,5.87,5.31,0.0,6.4601,4.4758,7.7744
2007-02-28,2.1789,3.8205,5.835,5.2725,0.0,6.4001,4.6203,7.7144
2007-03-31,2.1849,3.8221,5.785,5.1325,0.0,6.3901,5.0082,7.7044
2007-04-30,2.1908,3.8909,5.93,5.26,0.0,6.5101,4.7929,7.8244
2007-05-31,2.1969,4.0652,5.93,5.3,0.0,6.5101,5.2499,7.8244
2007-06-30,2.2027,4.2607,6.245,5.6375,0.0,6.8201,5.3428,8.1344
2007-07-31,2.2088,4.1227,6.19,5.535,0.0,6.7701,4.7579,8.0844
2007-08-31,2.2148,3.8972,6.22,5.325,0.0,6.7701,4.2374,8.0844
2007-09-30,2.2207,3.9187,6.165,5.1825,0.0,6.7101,5.1038,8.0244
2007-10-31,2.2268,3.8617,6.07,5.135,0.0,6.6001,5.7507,7.9144
2007-11-30,2.2326,3.5507,5.92,4.795,0.0,6.5201,6.0033,7.8344
2007-12-31,2.2387,3.6043,6.07,4.78,0.0,6.7701,5.8388,8.0844
2008-01-31,2.3402,3.3623,5.935,4.4575,0.0,6.6601,5.6247,7.9744
2008-02-29,2.4352,3.2976,6.175,4.4775,0.0,6.9401,5.243,8.2544
2008-03-31,2.5367,3.1743,6.2,4.34,0.0,7.0101,5.0849,8.3244
2008-04-30,2.635,3.4605,6.26,4.55,0.0,7.0901,5.4038,8.4044
2008-05-31,2.7365,3.675,6.25,4.7,0.0,7.0501,5.6684,8.3644
2008-06-30,2.8347,3.7186,6.375,4.9325,0.0,7.1901,6.416,8.5044
2008-07-31,2.9363,3.6844,6.415,4.8575,0.0,7.2801,7.1475,8.5944
2008-08-31,3.0378,3.4941,6.395,4.7675,0.0,7.2701,6.988,8.5844
2008-09-30,3.136,3.4839,6.48,4.68,0.0,7.4301,7.2033,8.7444
2008-10-31,3.2375,3.5226,7.58,5.155,0.0,9.0001,6.8711,10.3144
2008-11-30,3.3358,2.9639,7.665,4.9775,0.0,9.3301,3.6999,10.6444
2008-12-31,3.4373,2.4607,6.74,4.13,0.0,8.5501,2.1178,9.8644
2009-01-31,3.3912,2.7456,6.595,4.0975,0.0,8.2601,1.6164,9.5744
2009-02-28,3.3496,2.8265,6.675,4.2725,0.0,8.2001,2.0685,9.5144
2009-03-31,3.3035,2.6504,6.96,4.39,0.0,8.5401,0.9835,9.8544
2009-04-30,3.2589,2.8798,6.89,4.375,0.0,8.5101,1.1137,9.8244
2009-05-31,3.2128,3.0948,6.8,4.465,0.0,8.1801,0.6542,9.4944
2009-06-30,3.1682,3.1428,6.555,4.6325,0.0,7.6201,0.5508,8.9344
2009-07-31,3.1221,3.1115,6.25,4.355,0.0,7.2101,-0.2488,8.5244
2009-08-31,3.076,3.011,5.92,4.245,0.0,6.7001,0.2762,8.0144
2009-09-30,3.0314,2.9457,5.72,4.045,0.0,6.4301,0.1821,7.7444
2009-10-31,2.9854,3.0087,5.72,4.025,0.0,6.4101,1.186,7.7244
2009-11-30,2.9408,2.9036,5.755,3.9925,0.0,6.4401,3.0446,7.7544
2009-12-31,2.8947,3.1712,5.815,4.0775,0.0,6.4901,4.2941,7.8044
2010-01-31,2.8543,3.1181,5.755,4.1175,0.0,6.3701,3.9211,7.6844
2010-02-28,2.8179,3.0966,5.845,4.1025,0.0,6.4601,3.6313,7.7744
2010-03-31,2.7776,3.1967,5.77,4.1,0.0,6.3901,3.8862,7.7044
2010-04-30,2.7386,3.1225,5.77,4.175,0.0,6.3701,3.4968,7.6844
2010-05-31,2.6982,2.8603,5.505,3.8425,0.0,6.1701,3.3235,7.4844
2010-06-30,2.6592,2.643,5.555,3.7775,0.0,6.3501,2.2716,7.6644
2010-07-31,2.6189,2.6133,5.365,3.5625,0.0,6.1301,2.4808,7.4444
2010-08-31,2.5786,2.3081,5.075,3.2725,0.0,5.7801,2.1002,7.0944
2010-09-30,2.5395,2.2919,5.095,3.2525,0.0,5.7801,1.8683,7.0944
2010-10-31,2.4992,2.3292,5.2,3.19,0.0,5.8401,1.6667,7.1544
2010-11-30,2.4602,2.5541,5.395,3.3725,0.0,6.0401,1.8245,7.3544
2010-12-31,2.4199,2.8731,5.56,3.745,0.0,6.2201,2.4378,7.5344
2011-01-31,2.4488,2.9774,5.565,3.7775,0.0,6.2101,2.7808,7.5244
2011-02-28,2.4749,3.0354,5.685,3.9725,0.0,6.2701,3.1549,7.5844
2011-03-31,2.5038,3.0406,5.58,3.845,0.0,6.1501,3.6092,7.4644
2011-04-30,2.5318,3.0004,5.59,3.88,0.0,6.1401,3.8272,7.4544
2011-05-31,2.5607,2.7881,5.37,3.605,0.0,5.9001,4.259,7.2144
2011-06-30,2.5887,2.8009,5.37,3.475,0.0,5.8701,4.2523,7.1844
2011-07-31,2.6176,2.6525,5.345,3.4425,0.0,5.8801,3.9599,7.1944
2011-08-31,2.6465,2.2299,4.865,2.9425,0.0,5.4801,3.935,6.7944
2011-09-30,2.6744,2.0125,4.68,2.79,0.0,5.3901,3.9826,6.7044
2011-10-31,2.7033,2.1949,4.675,2.8675,0.0,5.4901,3.6023,6.8044
2011-11-30,2.7313,2.2098,4.505,2.7075,0.0,5.2601,3.4814,6.5744
2011-12-31,2.7602,2.0678,4.59,2.74,0.0,5.3701,2.9921,6.6844
2012-01-31,2.7796,2.0108,4.54,2.69,0.0,5.3501,2.7288,6.6644
2012-02-29,2.7978,2.0259,4.495,2.6625,0.0,5.2601,2.6182,6.5744
2012-03-31,2.8172,2.1118,4.61,2.815,0.0,5.3501,2.4929,6.6644
2012-04-30,2.836,1.9857,4.575,2.7325,0.0,5.3101,1.9732,6.6244
2012-05-31,2.8554,1.7482,4.435,2.5975,0.0,5.1901,1.2379,6.5044
2012-06-30,2.8741,1.7348,4.33,2.52,0.0,5.1401,1.1939,6.4544
2012-07-31,2.8935,1.6272,4.135,2.3775,0.0,4.9901,0.7275,6.3044
2012-08-31,2.9129,1.6555,4.195,2.4525,0.0,5.0301,1.0059,6.3444
2012-09-30,2.9317,1.6802,4.165,2.4175,0.0,4.9601,1.1797,6.2744
2012-10-31,2.9511,1.6915,4.025,2.3675,0.0,4.7001,1.3757,6.0144
2012-11-30,2.9699,1.6134,4.005,2.3375,0.0,4.6301,1.006,5.9444
2012-12-31,2.9893,1.6734,4.14,2.42,0.0,4.7501,1.0895,6.0644
2013-01-31,2.9452,1.8171,4.265,2.5375,0.0,4.8501,1.1141,6.1644
2013-02-28,2.9053,1.7718,4.375,2.6125,0.0,4.9701,1.3781,6.2844
2013-03-31,2.8612,1.6774,4.39,2.605,0.0,4.9701,0.8787,6.2844
2013-04-30,2.8186,1.5511,4.16,2.435,0.0,4.7101,0.4988,6.0244
2013-05-31,2.7745,1.8286,4.31,2.575,0.0,4.8501,1.3404,6.1644
2013-06-30,2.7318,2.0848,4.73,2.965,0.0,5.3101,2.2458,6.6244
2013-07-31,2.6877,2.1429,4.83,3.115,0.0,5.4401,2.2655,6.7544
2013-08-31,2.6436,2.2539,4.98,3.25,0.0,5.5401,2.2188,6.8544
2013-09-30,2.6009,2.2335,5.055,3.3275,0.0,5.5901,1.5447,6.9044
2013-10-31,2.5568,2.1292,4.92,3.145,0.0,5.4301,1.2768,6.7444
2013-11-30,2.5141,2.1909,5.005,3.1875,0.0,5.5001,1.8329,6.8144
2013-12-31,2.47,2.3694,5.0,3.29,0.0,5.5001,2.3128,6.8144
2014-01-31,2.4597,2.1753,4.84,3.245,0.0,5.3101,2.0878,6.6244
2014-02-28,2.4503,2.1107,4.775,3.1475,0.0,5.2201,1.6105,6.5344
2014-03-31,2.4399,2.1179,4.72,3.18,0.0,5.1801,2.2127,6.4944
2014-04-30,2.4299,2.0666,4.57,3.135,0.0,5.0201,2.5051,6.3344
2014-05-31,2.4195,1.9339,4.46,3.025,0.0,4.8801,2.4269,6.1944
2014-06-30,2.4095,1.9274,4.525,3.1025,0.0,4.9201,2.329,6.2344
2014-07-31,2.3991,1.9039,4.445,3.0725,0.0,4.8501,2.2642,6.1644
2014-08-31,2.3888,1.7403,4.385,3.0075,0.0,4.8101,1.9451,6.1244
2014-09-30,2.3787,1.7963,4.455,3.1125,0.0,4.9201,2.2341,6.2344
2014-10-31,2.3683,1.6707,4.305,2.9275,0.0,4.8101,2.0395,6.1244
2014-11-30,2.3583,1.5585,4.355,2.9875,0.0,4.9101,1.6215,6.2244
2014-12-31,2.3479,1.4629,4.265,2.9525,0.0,4.8601,1.1431,6.1744
2015-01-31,2.3546,1.1472,3.955,2.6625,0.0,4.5701,-0.1999,5.8844
2015-02-28,2.3606,1.2765,4.06,2.765,0.0,4.6301,0.083,5.9444
2015-03-31,2.3673,1.2456,4.09,2.805,0.0,4.6601,0.158,5.9744
2015-04-30,2.3737,1.262,4.0,2.675,0.0,4.6001,0.006,5.9144
2015-05-31,2.3804,1.4427,4.435,2.9875,0.0,5.0101,0.355,6.3244
2015-06-30,2.3868,1.6349,4.66,3.17,0.0,5.2501,0.6596,6.5644
2015-07-31,2.3935,1.5254,4.675,3.1525,0.0,5.3201,0.6857,6.6344
2015-08-31,2.4002,1.4734,4.615,3.0775,0.0,5.3101,0.8213,6.6244
2015-09-30,2.4066,1.4082,4.705,3.0975,0.0,5.4601,0.6588,6.7744
2015-10-31,2.4133,1.4003,4.645,3.0175,0.0,5.4601,0.7576,6.7744
2015-11-30,2.4197,1.4346,4.76,3.215,0.0,5.5801,1.0563,6.8944
2015-12-31,2.4264,1.4475,4.715,3.2075,0.0,5.5801,1.3687,6.8944
2016-01-31,2.4385,1.2282,4.725,3.1225,0.0,5.5701,1.7675,6.8844
2016-02-29,2.4498,1.0354,4.65,2.935,0.0,5.4601,1.1673,6.7744
2016-03-31,2.4619,1.0502,4.475,2.9275,0.0,5.2501,1.0516,6.5644
2016-04-30,2.4736,1.0685,4.205,2.7325,0.0,4.9101,1.2926,6.2244
2016-05-31,2.4857,1.0672,4.165,2.7325,0.0,4.8001,1.3785,6.1144
2016-06-30,2.4975,0.8406,4.015,2.5925,0.0,4.6501,1.1693,5.9644
2016-07-31,2.5096,0.7589,3.75,2.41,0.0,4.3401,0.8384,5.6544
2016-08-31,2.5217,0.8173,3.78,2.455,0.0,4.3601,1.1653,5.6744
2016-09-30,2.5334,0.8428,3.86,2.52,0.0,4.4301,1.5486,5.7444
2016-10-31,2.5455,1.0055,3.945,2.6075,0.0,4.5001,1.7959,5.8144
2016-11-30,2.5572,1.3519,4.285,2.9425,0.0,4.8301,2.1143,6.1444
2016-12-31,2.5693,1.4186,4.445,3.2025,0.0,4.9501,2.5508,6.2644
2017-01-31,2.549,1.4409,4.29,3.105,0.0,4.7801,2.9104,6.0944
2017-02-28,2.5306,1.4176,4.295,3.0975,0.0,4.7601,3.1504,6.0744
2017-03-31,2.5102,1.44,4.345,3.1775,0.0,4.8001,2.8712,6.1144
2017-04-30,2.4905,1.3334,4.22,3.02,0.0,4.6901,2.5462,6.0044
2017-05-31,2.4701,1.3102,4.2,3.02,0.0,4.6701,2.2563,5.9844
2017-06-30,2.4504,1.3291,4.025,2.8975,0.0,4.4901,2.2206,5.8044
2017-07-31,2.43,1.4039,4.045,2.9575,0.0,4.5101,2.2051,5.8244
2017-08-31,2.4097,1.2736,3.97,2.875,0.0,4.4301,2.2881,5.7444
2017-09-30,2.3899,1.3899,3.965,2.8825,0.0,4.4201,2.6706,5.7344
2017-10-31,2.3696,1.4327,3.96,2.97,0.0,4.4401,2.5208,5.7544
2017-11-30,2.3499,1.4043,3.92,2.985,0.0,4.3901,2.7325,5.7044
2017-12-31,2.3295,1.3889,3.865,3.0225,0.0,4.3401,2.5699,5.6544
2018-01-31,2.3302,1.596,3.905,3.1425,0.0,4.3801,2.7613,5.6944
2018-02-28,2.3309,1.7081,4.165,3.3825,0.0,4.6301,3.0135,5.9444
2018-03-31,2.3317,1.6084,4.255,3.4425,0.0,4.7601,3.0209,6.0744
2018-04-30,2.3324,1.6824,4.26,3.48,0.0,4.7901,3.251,6.1044
2018-05-31,2.3331,1.6513,4.415,3.6175,0.0,4.9501,3.5419,6.2644
2018-06-30,2.3339,1.6578,4.395,3.5875,0.0,4.9501,3.5476,6.2644
2018-07-31,2.3346,1.6889,4.33,3.555,0.0,4.9101,3.6941,6.2244
2018-08-31,2.3354,1.6952,4.325,3.5475,0.0,4.8901,3.4229,6.2044
2018-09-30,2.3361,1.793,4.43,3.66,0.0,5.0001,3.2421,6.3144
2018-10-31,2.3369,1.8787,4.605,3.8025,0.0,5.1901,3.592,6.5044
2018-11-30,2.3376,1.7813,4.72,3.835,0.0,5.3401,3.1873,6.6544
2018-12-31,2.3383,1.559,4.575,3.6275,0.0,5.2501,2.9824,6.5644
2019-01-31,2.352,1.5118,4.525,3.5325,0.0,5.2401,2.2676,6.5544
2019-02-28,2.3644,1.5279,4.37,3.43,0.0,5.0701,2.2989,6.3844
2019-03-31,2.3782,1.3429,4.305,3.3375,0.0,4.9601,2.4132,6.2744
2019-04-30,2.3914,1.3823,4.195,3.2625,0.0,4.8201,2.5606,6.1344
2019-05-31,2.4052,1.1943,4.15,3.17,0.0,4.7501,2.1959,6.0644
2019-06-30,2.4184,1.0394,3.94,2.885,0.0,4.5801,1.9812,5.8944
2019-07-31,2.4322,0.9939,3.785,2.8075,0.0,4.4001,2.0863,5.7144
2019-08-31,2.4459,0.653,3.425,2.4575,0.0,3.9901,1.6876,5.3044
2019-09-30,2.4591,0.7384,3.47,2.52,0.0,4.0301,1.8345,5.3444
2019-10-31,2.4729,0.7907,3.465,2.4975,0.0,4.0401,1.884,5.3544
2019-11-30,2.4861,0.8926,3.5,2.57,0.0,4.0601,2.2623,5.3744
2019-12-31,2.4999,0.9893,3.445,2.5625,0.0,4.0001,2.4695,5.3144
2020-01-31,2.463,0.784,3.355,2.4575,0.0,3.8901,2.4598,5.2044
2020-02-29,2.4285,0.5426,3.195,2.2575,0.0,3.7301,2.0613,5.0444
2020-03-31,2.3917,0.3923,3.655,2.1225,0.0,4.4101,1.324,5.7244
2020-04-30,2.356,0.3713,3.28,1.835,0.0,4.2501,-0.117,5.5644
2020-05-31,2.3191,0.3565,3.225,1.7825,0.0,4.0701,-0.3018,5.3844
2020-06-30,2.2835,0.3602,3.04,1.69,0.0,3.7601,0.0367,5.0744
2020-07-31,2.2466,0.2713,2.725,1.5025,0.0,3.4301,-0.0031,4.7444
2020-08-31,2.2098,0.3479,2.76,1.515,0.0,3.3901,0.2011,4.7044
2020-09-30,2.1741,0.3228,2.835,1.5525,0.0,3.4801,0.451,4.7944
2020-10-31,2.1372,0.3868,2.895,1.6175,0.0,3.5601,0.4104,4.8744
2020-11-30,2.1016,0.3706,2.8,1.595,0.0,3.4201,0.2457,4.7344
2020-12-31,2.0647,0.3972,2.71,1.55,0.0,3.2801,0.2604,4.5944
2021-01-31,2.044,0.4956,2.845,1.6475,0.0,3.3601,0.3538,4.6744
2021-02-28,2.0183,0.7155,3.06,1.8,0.0,3.5401,0.9598,4.8544
2021-03-31,1.9861,0.8928,3.39,2.105,0.0,3.8601,2.0378,5.1744
2021-04-30,1.9427,0.8633,3.25,2.055,0.0,3.7201,3.3731,5.0344
2021-05-31,1.9049,0.8735,3.29,2.055,0.0,3.7401,4.0783,5.0544
2021-06-30,1.92,0.7865,3.115,1.9775,0.0,3.5601,4.4256,4.8744
2021-07-31,1.8891,0.634,2.905,1.8325,0.0,3.3601,4.0852,4.6744
2021-08-31,1.8459,0.6295,2.895,1.8325,0.0,3.3601,4.122,4.6744
2021-09-30,1.8599,0.7858,2.88,1.87,0.0,3.3501,4.5012,4.6644
2021-10-31,1.7815,0.8817,3.015,2.0625,0.0,3.4701,5.275,4.7844
2021-11-30,1.78,0.7982,2.95,2.075,0.0,3.4001,5.832,4.7144
2021-12-31,2.0702,0.8112,2.975,2.1025,0.0,3.4201,6.1343,4.7344
2022-01-31,2.1523,1.0542,3.255,2.3975,0.0,3.7001,6.9088,5.0144
2022-02-28,2.2089,1.1804,3.61,2.71,0.0,4.0901,7.1473,5.4044
2022-03-31,2.1737,1.4341,3.86,2.985,0.0,4.4101,8.0522,5.7244
2022-04-30,2.333,1.842,4.21,3.495,0.0,4.7801,8.2418,6.0944
2022-05-31,2.3243,1.9136,4.625,3.7475,0.0,5.2401,8.7482,6.5544
2022-06-30,2.6643,2.1485,4.755,3.9725,0.0,5.3901,9.6294,6.7044
2022-07-31,2.512,1.8977,4.635,3.7975,0.0,5.3301,8.6026,6.6444
2022-08-31,2.6103,2.1041,4.61,3.82,0.0,5.2701,8.8926,6.5844
2022-09-30,2.8439,2.6781,5.14,4.42,0.0,5.8101,9.8721,7.1244
2022-10-31,2.6955,2.9406,5.68,4.93,0.0,6.3801,9.3388,7.6944
2022-11-30,2.5156,2.6575,5.485,4.7725,0.0,6.1901,8.4629,7.5044
2022-12-31,2.152,2.778,5.01,4.385,0.0,5.7101,7.9846,7.0244
2023-01-31,2.0267,2.6606,4.95,4.295,0.0,5.6201,7.6072,6.9344
2023-02-28,2.084,2.8797,5.075,4.5075,0.0,5.7101,7.4478,7.0244
2023-03-31,2.0284,2.6507,5.155,4.4875,0.0,5.8301,6.0777,7.1444
2023-04-30,2.0026,2.647,5.0,4.27,0.0,5.6501,6.2101,6.9644
2023-05-31,2.02,2.7777,5.22,4.405,0.0,5.8901,5.5919,7.2044
2023-06-30,2.0556,2.879,5.2,4.575,0.0,5.8701,4.6606,7.1844
2023-07-31,1.9967,3.0226,5.2,4.67,0.0,5.8601,4.8877,7.1744
2023-08-31,2.0458,3.1181,5.485,4.8975,0.0,6.1401,5.5725,7.4544
2023-09-30,2.1212,3.3915,5.645,5.0675,0.0,6.2801,5.9272,7.5944
2023-10-31,2.1673,3.6298,6.12,5.445,0.0,6.7501,5.7113,8.0644
2023-11-30,2.0196,3.2447,5.785,5.1375,0.0,6.4101,5.2733,7.7244
2023-12-31,2.2394,2.8499,5.19,4.595,0.0,5.7601,5.0359,7.0744
2024-01-31,2.2342,2.9455,5.275,4.6275,0.0,5.8001,4.8183,7.1144
2024-02-29,2.1533,3.101,5.4,4.795,0.0,5.8901,5.0771,7.2044
2024-03-31,2.0965,3.0637,5.38,4.79,0.0,5.8701,5.3668,7.1844
2024-04-30,2.1605,3.3583,5.64,5.1,0.0,6.1201,5.6408,7.4344
2024-05-31,2.0817,3.3361,5.6,5.05,0.0,6.0701,5.4043,7.3844
2024-06-30,2.0454,3.2625,5.475,4.8975,0.0,5.9401,5.0503,7.2544
2024-07-31,2.0198,3.1377,5.48,4.82,0.0,5.9601,4.7915,7.2744
2024-08-31,1.9793,2.9472,5.235,4.4725,0.0,5.7201,4.3671,7.0344
2024-09-30,1.9445,2.8749,5.05,4.275,0.0,5.5401,4.0565,6.8544
2024-10-31,1.9784,3.1358,5.29,4.6,0.0,5.7501,4.5288,7.0644
2024-11-30,1.9155,3.1601,5.46,4.845,0.0,5.9001,4.6395,7.2144
2024-12-31,2.0607,3.301,5.5,4.875,0.0,5.9201,5.1107,7.2344
2025-01-31,2.0088,3.4327,5.77,5.1,0.0,6.2001,5.151,7.5144
2025-02-28,2.0137,3.2668,5.62,4.95,0.0,6.0401,4.6616,7.3544
2025-03-31,2.0769,3.3683,5.61,4.825,0.0,6.0501,4.232,7.3644
2025-04-30,2.0681,3.2586,5.815,4.8625,0.0,6.3001,4.2654,7.6144
2025-05-31,1.976,3.4098,5.915,4.9675,0.0,6.4101,4.4473,7.7244
2025-06-30,1.9339,3.307,5.805,4.8825,0.0,6.2701,4.6305,7.5844
2025-07-31,1.9174,3.4255,5.775,4.8625,0.0,6.2201,4.7226,7.5344
2025-08-31,1.8767,3.3885,5.675,4.7325,0.0,6.1201,4.7586,7.4344
2025-09-30,1.824,3.3735,5.52,4.59,0.0,5.9501,4.8226,7.2644
2025-10-31,1.7911,3.3216,5.435,4.5425,0.0,5.8601,4.6687,7.1744
2025-11-30,1.7905,3.318,5.56,4.615,0.0,5.9801,4.4864,7.2944
2025-12-31,1.9097,3.4806,5.605,4.6525,0.0,6.0201,4.5833,7.3344
2026-01-31,1.867,3.5459,5.61,4.695,0.0,6.0001,4.2912,7.3144
2026-02-28,1.8477,3.3665,5.555,4.6175,0.0,5.9301,4.154,7.2444
2026-03-31,1.9447,3.6389,5.76,4.805,0.0,6.1601,5.286,7.4744
2026-04-30,1.8068,3.7523,5.725,4.8325,0.0,6.1501,5.7192,7.4644
2026-05-31,1.7428,3.8202,5.83,4.99,0.0,6.2201,6.2366,7.5344
2026-06-30,1.7879,3.785,5.76,4.985,0.0,6.1201,5.6635,7.4344
