,gdph
1968-04-30,10.394719325908214
1968-05-31,10.465889095130343
1968-06-30,10.531833173083218
1968-07-31,10.61023815800314
1968-08-31,10.688470282698436
1968-09-30,10.758902348196523
1968-10-31,10.836709381751852
1968-11-30,10.904917449730982
1968-12-31,10.984821979265556
1969-01-31,11.064071646385768
1969-02-28,11.140879780900606
1969-03-31,11.220347200733356
1969-04-30,11.29197101713324
1969-05-31,11.373104744539106
1969-06-30,11.457913489819015
1969-07-31,11.55342392691239
1969-08-31,11.596911368935336
1969-09-30,11.674605513744522
1969-10-31,11.82704640520234
1969-11-30,11.939533905519898
1969-12-31,12.035392505027524
1970-01-31,12.136792051292751
1970-02-28,12.240228765807712
1970-03-31,12.346899807209
1970-04-30,12.459181707069526
1970-05-31,12.564726667129092
1970-06-30,12.648890095038986
1970-07-31,12.753737909627189
1970-08-31,12.82534707022488
1970-09-30,12.925223019380372
1970-10-31,13.032473201748202
1970-11-30,13.13358055979813
1970-12-31,13.239826186422556
1971-01-31,13.358498630975443
1971-02-28,13.479644464706231
1971-03-31,13.594803283492595
1971-04-30,13.692962783521796
1971-05-31,13.838534767445118
1971-06-30,13.948876722508446
1971-07-31,14.061556133407644
1971-08-31,14.20765408018394
1971-09-30,14.392745926297126
1971-10-31,14.54698243141655
1971-11-30,14.672004408553349
1971-12-31,14.919244212785948
1972-01-31,15.1872449775772
1972-02-29,15.39391708019386
1972-03-31,15.564936991379431
1972-04-30,15.679204002831169
1972-05-31,15.815280247379068
1972-06-30,15.94829992472267
1972-07-31,16.077651619498052
1972-08-31,16.21455562678694
1972-09-30,16.37134641791355
1972-10-31,16.50780260346033
1972-11-30,16.654680559779916
1972-12-31,16.818871117289046
1973-01-31,17.005939093248703
1973-02-28,17.70271085349316
1973-03-31,18.354311065587893
1973-04-30,18.450930647104215
1973-05-31,18.746853971998323
1973-06-30,19.205857137821894
1973-07-31,19.767667383556734
1973-08-31,19.766039931581155
1973-09-30,19.977076803287456
1973-10-31,20.175292083970422
1973-11-30,19.98295168768301
1973-12-31,19.94935286704179
1974-01-31,19.5820269089814
1974-02-28,20.048936446392236
1974-03-31,20.577877151737916
1974-04-30,20.995321134296727
1974-05-31,21.409598680173627
1974-06-30,21.451447188060847
1974-07-31,21.630134828192084
1974-08-31,21.652724521175955
1974-09-30,21.77606471459765
1974-10-31,22.11811852820896
1974-11-30,22.513103561279348
1974-12-31,22.910190697961323
1975-01-31,23.45135786977234
1975-02-28,23.935479219468235
1975-03-31,24.18990645253147
1975-04-30,24.252957317950138
1975-05-31,24.595716631917867
1975-06-30,24.611018598147812
1975-07-31,24.301668505864317
1975-08-31,23.927135604233616
1975-09-30,23.99835701878844
1975-10-31,24.276689493024612
1975-11-30,24.50203554106685
1975-12-31,24.572813746952804
1976-01-31,24.649553255645472
1976-02-29,24.809567780570045
1976-03-31,24.787499322717935
1976-04-30,24.952977957082428
1976-05-31,25.15637855710382
1976-06-30,25.34013933848961
1976-07-31,25.64415866150903
1976-08-31,25.95065752495822
1976-09-30,26.06427444674655
1976-10-31,26.263327400989116
1976-11-30,26.363807390955817
1976-12-31,26.680849218217332
1977-01-31,26.944473238173433
1977-02-28,27.140632967629713
1977-03-31,27.40411906275691
1977-04-30,27.7226010218161
1977-05-31,27.957845060188085
1977-06-30,28.24390108018635
1977-07-31,28.664811760797654
1977-08-31,28.794151547675657
1977-09-30,28.93814131250415
1977-10-31,29.45964154733313
1977-11-30,29.962111349052012
1977-12-31,30.56369822665618
1978-01-31,31.107108348900887
1978-02-28,31.462849443244956
1978-03-31,31.898803658037338
1978-04-30,32.29025291260532
1978-05-31,32.2150984858077
1978-06-30,32.864654158378336
1978-07-31,33.73794576893949
1978-08-31,34.602422743840016
1978-09-30,35.031704423325486
1978-10-31,36.107517331057906
1978-11-30,35.78194785168618
1978-12-31,36.06649402893782
1979-01-31,36.577619056397346
1979-02-28,36.77645341987763
1979-03-31,36.98551730644619
1979-04-30,36.96086335349904
1979-05-31,37.11567040012029
1979-06-30,37.537269913282415
1979-07-31,38.47774945660552
1979-08-31,38.78845036415171
1979-09-30,39.1932829744659
1979-10-31,39.29871193951888
1979-11-30,39.3615277492721
1979-12-31,39.98074067198997
1980-01-31,40.461646077910714
1980-02-29,40.40007590128348
1980-03-31,39.85919014613987
1980-04-30,40.067149777971665
1980-05-31,41.64708523110679
1980-06-30,42.59012466589311
1980-07-31,43.10986102113481
1980-08-31,43.098469176690394
1980-09-30,43.77217602267257
1980-10-31,43.96626529156056
1980-11-30,43.591000982797304
1980-12-31,43.56257804557375
1981-01-31,43.966706041160855
1981-02-28,43.08191868281869
1981-03-31,43.35176742394638
1981-04-30,43.01588327141951
1981-05-31,42.20621071242986
1981-06-30,41.62405953815292
1981-07-31,41.17005323426295
1981-08-31,40.94477585391045
1981-09-30,42.0932362656328
1981-10-31,42.66584579685303
1981-11-30,43.352707445163595
1981-12-31,43.55692181654796
1982-01-31,43.46633875643162
1982-02-28,42.80003397388511
1982-03-31,42.2540270720798
1982-04-30,42.23827684059387
1982-05-31,43.13840469476292
1982-06-30,42.10949484585883
1982-07-31,41.70350516143279
1982-08-31,41.23750403195056
1982-09-30,41.43847936943254
1982-10-31,41.290567890941645
1982-11-30,41.40083209871998
1982-12-31,42.24313644248894
1983-01-31,42.52379752752718
1983-02-28,42.2813053626924
1983-03-31,42.082894233196306
1983-04-30,42.02717507718376
1983-05-31,42.27794436577984
1983-06-30,42.012030734078984
1983-07-31,42.04943517776416
1983-08-31,41.77409755162731
1983-09-30,42.05418717006259
1983-10-31,42.654454195473306
1983-11-30,42.43708814493283
1983-12-31,42.29732161746773
1984-01-31,42.24199824935787
1984-02-29,42.91139972255222
1984-03-31,43.808728798570485
1984-04-30,43.79717896693638
1984-05-31,43.32090107319878
1984-06-30,43.433880971960086
1984-07-31,42.75527524587541
1984-08-31,42.77865018432313
1984-09-30,42.18806752490176
1984-10-31,41.993932508092634
1984-11-30,42.54467025441753
1984-12-31,42.10703802435828
1985-01-31,41.768293376974015
1985-02-28,41.231407649708835
1985-03-31,41.30412132244251
1985-04-30,42.47800994098754
1985-05-31,42.531210833494875
1985-06-30,42.96462466252099
1985-07-31,43.83256139711269
1985-08-31,44.53179030208168
1985-09-30,44.37394945322076
1985-10-31,45.91802873082962
1985-11-30,46.43666046851154
1985-12-31,47.00027580403181
1986-01-31,47.568577653163615
1986-02-28,48.76269915295544
1986-03-31,49.60797787418543
1986-04-30,49.9754330588567
1986-05-31,50.766272489876805
1986-06-30,50.77760308420584
1986-07-31,51.684010197990126
1986-08-31,52.529188230264815
1986-09-30,52.75927954265711
1986-10-31,53.05480976391429
1986-11-30,52.872153791529286
1986-12-31,53.40700570204336
1987-01-31,55.1380881152928
1987-02-28,55.6521480121166
1987-03-31,56.09109914219418
1987-04-30,57.165929658459966
1987-05-31,57.62276603889791
1987-06-30,57.0399804684384
1987-07-31,56.747874519212814
1987-08-31,57.224116102050694
1987-09-30,58.46504051996849
1987-10-31,58.97298964591725
1987-11-30,60.92468490935607
1987-12-31,62.33215584998082
1988-01-31,62.583885802712125
1988-02-29,62.255480289013235
1988-03-31,63.19672194571987
1988-04-30,63.924396214704245
1988-05-31,64.06390993897475
1988-06-30,63.362513337807954
1988-07-31,62.221714292131615
1988-08-31,62.12151648796701
1988-09-30,62.57889768729468
1988-10-31,64.1267062159389
1988-11-30,66.01981171973709
1988-12-31,66.50498105786303
1989-01-31,65.67683327461569
1989-02-28,65.77122566263866
1989-03-31,65.71468415153119
1989-04-30,65.99450420573089
1989-05-31,64.66792436146082
1989-06-30,64.02091057839891
1989-07-31,65.32624533490925
1989-08-31,65.46770345168463
1989-09-30,65.31907156125041
1989-10-31,66.84117993670094
1989-11-30,67.45181194383737
1989-12-31,68.10539502612711
1990-01-31,68.71085359423049
1990-02-28,68.69128918741936
1990-03-31,67.91328049543613
1990-04-30,68.31443057909084
1990-05-31,69.86292438788341
1990-06-30,70.47742133767042
1990-07-31,72.08418156480217
1990-08-31,73.83734253260336
1990-09-30,75.13819865764194
1990-10-31,77.01433013153982
1990-11-30,77.75311203166336
1990-12-31,77.15132623852814
1991-01-31,77.03988235533123
1991-02-28,78.31191109652508
1991-03-31,75.94939178251958
1991-04-30,74.90284446558574
1991-05-31,75.02513462726901
1991-06-30,74.15631314009829
1991-07-31,74.52667001043855
1991-08-31,75.78138572947228
1991-09-30,77.22334773244522
1991-10-31,77.87908832444772
1991-11-30,79.36258030470485
1991-12-31,80.72019154085473
1992-01-31,81.2275434246248
1992-02-29,80.56959501762348
1992-03-31,79.49344353306088
1992-04-30,80.0959201415121
1992-05-31,81.39948651078056
1992-06-30,83.08477090823745
1992-07-31,85.54113056152696
1992-08-31,86.60621213238761
1992-09-30,86.5931292607588
1992-10-31,84.79027989564159
1992-11-30,82.62507764540234
1992-12-31,83.1298519983993
1993-01-31,82.68584404687857
1993-02-28,82.60642270821198
1993-03-31,83.37689067239307
1993-04-30,85.57636672286473
1993-05-31,86.16449841196302
1993-06-30,86.03879202466102
1993-07-31,85.27047437192458
1993-08-31,86.12597687075075
1993-09-30,87.38813704916628
1993-10-31,87.02739269063666
1993-11-30,86.36721099058697
1993-12-31,86.42173567508478
1994-01-31,85.51547933717124
1994-02-28,86.5140780621459
1994-03-31,87.32903240636075
1994-04-30,87.57184911067796
1994-05-31,88.52058273529963
1994-06-30,89.47166388646963
1994-07-31,91.50295435344144
1994-08-31,91.90425294852464
1994-09-30,92.96201416812202
1994-10-31,93.88835167157148
1994-11-30,94.09157927874872
1994-12-31,93.18574527296494
1995-01-31,93.52294835280352
1995-02-28,94.60962832281012
1995-03-31,97.25461407327046
1995-04-30,100.04847237583768
1995-05-31,100.29199592626108
1995-06-30,101.26513223607203
1995-07-31,101.57654238524653
1995-08-31,99.51581429033854
1995-09-30,98.34736483348912
1995-10-31,99.31546764420574
1995-11-30,99.27483044481684
1995-12-31,99.2038827933259
1996-01-31,98.5677848573583
1996-02-29,98.8683267607948
1996-03-31,99.17246221961176
1996-04-30,98.98761844842788
1996-05-31,99.11509060258798
1996-06-30,99.20145148699066
1996-07-31,99.86540329828613
1996-08-31,100.76070435237364
1996-09-30,100.41056612096332
1996-10-31,100.06640689249572
1996-11-30,100.89514482331934
1996-12-31,100.183294408454
1997-01-31,99.00082816092709
1997-02-28,97.14262754733868
1997-03-31,96.96735455255504
1997-04-30,96.7258971938806
1997-05-31,98.14422157873652
1997-06-30,98.74366056519791
1997-07-31,97.79708193452691
1997-08-31,96.49644278149054
1997-09-30,96.9057212735774
1997-10-31,97.45438044943026
1997-11-30,97.258448527495
1997-12-31,94.84428077992592
1998-01-31,93.47776297262465
1998-02-28,94.4353635234724
1998-03-31,94.40428159646004
1998-04-30,94.68889522512973
1998-05-31,94.8255054076141
1998-06-30,93.82286202702028
1998-07-31,94.06261349818908
1998-08-31,93.6686428906568
1998-09-30,95.28341044748684
1998-10-31,98.42714899772096
1998-11-30,98.26737179508147
1998-12-31,98.99548186429314
1999-01-31,98.74851997643523
1999-02-28,96.90818355642534
1999-03-31,95.98265747072428
1999-04-30,96.21749695321104
1999-05-31,96.271005738113
1999-06-30,95.90294950817857
1999-07-31,96.23539556837116
1999-08-31,97.89012334704776
1999-09-30,98.78015985000668
1999-10-31,99.8404862788056
1999-11-30,99.4614363157749
1999-12-31,99.70214661973256
2000-01-31,100.0
2000-02-29,98.82084500209552
2000-03-31,99.16945306526848
2000-04-30,99.1453871937804
2000-05-31,97.44715969233386
2000-06-30,99.38759031891252
2000-07-31,99.23986056689456
2000-08-31,98.45632122751766
2000-09-30,97.66683621649878
2000-10-31,97.02598690177165
2000-11-30,97.04697486537856
2000-12-31,98.31128104567676
2001-01-31,98.99358581191228
2001-02-28,98.71384382920726
2001-03-31,97.51445848042768
2001-04-30,96.71769491137964
2001-05-31,96.95472811694115
2001-06-30,96.50580989967642
2001-07-31,96.57314433496032
2001-08-31,98.52196943395172
2001-09-30,99.1896574174378
2001-10-31,98.85382339843504
2001-11-30,98.84572882165897
2001-12-31,98.89811528072748
2002-01-31,98.34958260678948
2002-02-28,97.5815679407396
2002-03-31,98.37601061282008
2002-04-30,99.08639151674036
2002-05-31,100.71336769597508
2002-06-30,102.31504581183356
2002-07-31,104.328700586219
2002-08-31,103.91572704880558
2002-09-30,104.01671997556156
2002-10-31,103.72366564101632
2002-11-30,105.30088603115126
2002-12-31,106.16120160038152
2003-01-31,108.32590486601003
2003-02-28,108.93697111872268
2003-03-31,109.45608467642973
2003-04-30,110.20726187027756
2003-05-31,113.6912729664775
2003-06-30,114.43767583518864
2003-07-31,114.01167026956738
2003-08-31,113.5292738990522
2003-09-30,114.96995744537196
2003-10-31,117.86554873978427
2003-11-30,118.50202256518465
2003-12-31,121.02520604151378
2004-01-31,123.23395390377485
2004-02-29,123.89187752856448
2004-03-31,122.91820075027498
2004-04-30,122.67770072546978
2004-05-31,121.9881895451829
2004-06-30,123.4759409227769
2004-07-31,124.69038751659764
2004-08-31,124.66858652648288
2004-09-30,125.4272372267045
2004-10-31,127.29774944761772
2004-11-30,130.74312945331727
2004-12-31,133.2479891558658
2005-01-31,132.87843112539525
2005-02-28,133.16563128668182
2005-03-31,134.384109556852
2005-04-30,133.67902159553088
2005-05-31,133.5307674629437
2005-06-30,132.02065523097332
2005-07-31,131.37595879524636
2005-08-31,133.40824477977458
2005-09-30,133.97169269159122
2005-10-31,132.8176720069608
2005-11-30,131.95484889242752
2005-12-31,132.93627881825248
2006-01-31,135.15142917518057
2006-02-28,135.08801760644752
2006-03-31,135.78827586878265
2006-04-30,137.4709692522429
2006-05-31,140.80933178309488
2006-06-30,139.7640023207405
2006-07-31,140.62926278991506
2006-08-31,142.1463786431892
2006-09-30,142.24113294486287
2006-10-31,142.3140499660385
2006-11-30,144.51440707922768
2006-12-31,146.73119698579978
2007-01-31,146.16602672912182
2007-02-28,147.28506043940524
2007-03-31,148.88589157556314
2007-04-30,151.19853501382943
2007-05-31,152.19354752051655
2007-06-30,152.6617796423543
2007-07-31,155.11486257628425
2007-08-31,155.20528917724644
2007-09-30,157.5242351441383
2007-10-31,160.37527306504722
2007-11-30,163.51379591986654
2007-12-31,163.12249446595547
2008-01-31,164.8752100095194
2008-02-29,166.09347892657036
2008-03-31,170.51366612283775
2008-04-30,171.7169554714803
2008-05-31,171.41686315549978
2008-06-30,171.882022534355
2008-07-31,173.47862185036155
2008-08-31,169.53226378141565
2008-09-30,165.73398285494116
2008-10-31,158.35679754208763
2008-11-30,154.6340835363249
2008-12-31,157.201182829267
2009-01-31,156.21040855170378
2009-02-28,153.08785032675226
2009-03-31,153.22159551765105
2009-04-30,155.8929724399153
2009-05-31,160.21521569331415
2009-06-30,162.892805536123
2009-07-31,164.39785726332934
2009-08-31,166.73892573211631
2009-09-30,169.41923309585323
2009-10-31,172.40402044768638
2009-11-30,174.2056239163208
2009-12-31,173.46704104351036
2010-01-31,173.31282709868498
2010-02-28,171.54223336201392
2010-03-31,172.54685975284798
2010-04-30,173.16432559348385
2010-05-31,169.50384001783746
2010-06-30,168.98111909491115
2010-07-31,173.21458772976234
2010-08-31,175.51239145366787
2010-09-30,177.68735101122022
2010-10-31,183.3341493662657
2010-11-30,182.87689172081988
2010-12-31,181.7157004858612
2011-01-31,183.78173103556287
2011-02-28,186.03694240702671
2011-03-31,188.7274197760503
2011-04-30,192.10496783102928
2011-05-31,193.07952084702143
2011-06-30,194.27036512675815
2011-07-31,195.2417680851291
2011-08-31,195.9636840308749
2011-09-30,191.95663363110387
2011-10-31,191.34286655921073
2011-11-30,190.98551026500255
2011-12-31,189.4910328913288
2012-01-31,190.2586540976569
2012-02-29,193.66396665240305
2012-03-31,192.80440717976248
2012-04-30,193.04919067557384
2012-05-31,190.72529942447096
2012-06-30,189.1584150630571
2012-07-31,189.73918870296143
2012-08-31,191.46241928280105
2012-09-30,194.55587938484075
2012-10-31,195.77682816866775
2012-11-30,195.0696194765391
2012-12-31,196.6659363349739
2013-01-31,197.04756340733869
2013-02-28,196.82456115822183
2013-03-31,195.28358332405728
2013-04-30,195.82028304872009
2013-05-31,195.25319917039684
2013-06-30,195.4243949405525
2013-07-31,194.38929814193452
2013-08-31,195.36042128219415
2013-09-30,196.3145908086772
2013-10-31,199.30485032790844
2013-11-30,198.02882104912868
2013-12-31,198.28935713962113
2014-01-31,197.55806186208383
2014-02-28,198.1006549742496
2014-03-31,199.23621034123568
2014-04-30,200.6091427976939
2014-05-31,201.6796860820805
2014-06-30,201.83840690790245
2014-07-31,202.55145399863383
2014-08-31,201.3211441308726
2014-09-30,198.65002637720235
2014-10-31,196.7152827170023
2014-11-30,193.79547916204768
2014-12-31,190.47264319295888
2015-01-31,187.22076918797552
2015-02-28,185.81055535019928
2015-03-31,183.24972948352635
2015-04-30,184.9631081811552
2015-05-31,187.23281593962253
2015-06-30,186.57940594077525
2015-07-31,185.0447146047132
2015-08-31,183.1523923041092
2015-09-30,182.53565639111
2015-10-31,184.2258861717549
2015-11-30,182.13285083151249
2015-12-31,181.59569108257173
2016-01-31,179.73186871489565
2016-02-29,181.6670369103395
2016-03-31,184.29609341509533
2016-04-30,187.3915338479563
2016-05-31,187.12071230075517
2016-06-30,187.5567760526616
2016-07-31,187.36335476177584
2016-08-31,189.55933241922477
2016-09-30,189.9385507989264
2016-10-31,189.0899025161403
2016-11-30,186.83247028633383
2016-12-31,185.1963680089619
2017-01-31,186.69304941878423
2017-02-28,189.07695814874185
2017-03-31,189.97422060858463
2017-04-30,191.7506699211101
2017-05-31,193.53831495959105
2017-06-30,195.57708796214823
2017-07-31,197.68815658749853
2017-08-31,200.64684349884612
2017-09-30,202.831452158848
2017-10-31,201.60224582396657
2017-11-30,201.9955881939555
2017-12-31,203.5808597861629
2018-01-31,208.13253312521675
2018-02-28,210.2429727939104
2018-03-31,210.85612902095417
2018-04-30,210.77987634338064
2018-05-31,207.178081848277
2018-06-30,205.9363247330746
2018-07-31,204.50831116260252
2018-08-31,202.6548117372359
2018-09-30,202.1887454307925
2018-10-31,202.25650523786229
2018-11-30,202.57435974341936
2018-12-31,203.29147973846085
2019-01-31,205.68635221828129
2019-02-28,206.3883195116196
2019-03-31,206.6287679876876
2019-04-30,206.6893941252899
2019-05-31,205.49453463166984
2019-06-30,207.07325060689809
2019-07-31,208.2390560671219
2019-08-31,205.9989065826649
2019-09-30,205.9385671499192
2019-10-31,207.23104550434564
2019-11-30,208.53741324789917
2019-12-31,210.01243181421023
2020-01-31,211.4825074937183
2020-02-29,210.000849259672
2020-03-31,207.43203821846825
2020-04-30,205.74051908815912
2020-05-31,207.0462793138257
2020-06-30,211.07628468336455
2020-07-31,213.64159850687895
2020-08-31,216.98074938244037
2020-09-30,218.7539211065555
2020-10-31,220.2090617626419
2020-11-30,223.6860106278992
2020-12-31,228.1312230609793
2021-01-31,230.19732265751523
2021-02-28,231.22124849503265
2021-03-31,230.10844171041575
2021-04-30,231.6213159510885
2021-05-31,235.0425918704314
2021-06-30,236.02528373812697
2021-07-31,234.96950658571535
2021-08-31,235.9375231130172
2021-09-30,237.4031738082905
2021-10-31,237.4526749588229
2021-11-30,237.32240666479623
2021-12-31,237.14810636642457
2022-01-31,238.884592336374
2022-02-28,240.4498474307068
2022-03-31,238.24057156927236
2022-04-30,238.6510810397568
2022-05-31,236.03011657160468
2022-06-30,236.64377516219207
2022-07-31,233.7438682708036
2022-08-31,234.57309682267132
2022-09-30,230.62054351923987
2022-10-31,228.35783121527467
2022-11-30,232.9214519621884
2022-12-31,238.2105932121222
2023-01-31,242.15663492465688
2023-02-28,241.84926066231415
2023-03-31,241.6267020939253
2023-04-30,244.11721010768807
2023-05-31,243.80946073788044
2023-06-30,242.98863941818783
2023-07-31,244.5713546786234
2023-08-31,242.66336705869497
2023-09-30,241.37660172660551
2023-10-31,240.73798807592817
2023-11-30,244.8642329022626
2023-12-31,247.11667337756444
2024-01-31,247.43218485957257
2024-02-29,247.07905828339491
2024-03-31,248.39621021501824
2024-04-30,247.3791505664012
2024-05-31,249.2020208289728
2024-06-30,249.2270970238097
2024-07-31,250.46729690478656
2024-08-31,253.84081964999945
2024-09-30,256.4402913374837
2024-10-31,254.96979694504896
2024-11-30,252.0720403049689
2024-12-31,250.93947311872716
2025-01-31,250.4020517275563
2025-02-28,253.18786552301097
2025-03-31,257.08516892135344
2025-04-30,260.34762358438235
2025-05-31,263.63265006682906
2025-06-30,266.605316650287
2025-07-31,268.1721914276669
2025-08-31,268.43136524293215
2025-09-30,270.2552535123568
2025-10-31,270.3633438185707
2025-11-30,270.6851715855272
2025-12-31,273.2745452020817
2026-01-31,275.6652708424384
2026-02-28,278.6687782561298
2026-03-31,276.9592492337234
